-- phpMyAdmin SQL Dump
-- version 5.0.3
-- https://www.phpmyadmin.net/
--
-- Servidor: 127.0.0.1
-- Tiempo de generación: 03-12-2020 a las 22:57:40
-- Versión del servidor: 10.4.14-MariaDB
-- Versión de PHP: 7.4.11

SET SQL_MODE = "NO_AUTO_VALUE_ON_ZERO";
START TRANSACTION;
SET time_zone = "+00:00";


/*!40101 SET @OLD_CHARACTER_SET_CLIENT=@@CHARACTER_SET_CLIENT */;
/*!40101 SET @OLD_CHARACTER_SET_RESULTS=@@CHARACTER_SET_RESULTS */;
/*!40101 SET @OLD_COLLATION_CONNECTION=@@COLLATION_CONNECTION */;
/*!40101 SET NAMES utf8mb4 */;

--
-- Base de datos: `apirest`
--

DELIMITER $$
--
-- Procedimientos
--
CREATE DEFINER=`root`@`localhost` PROCEDURE `inicializarDB` ()  BEGIN
	DELETE FROM orden_detalles;
    DELETE FROM ordenes;
    DELETE FROM clientes;
    DELETE FROM articulos;
    DELETE FROM barrios;
    DELETE FROM cupones;
    DELETE FROM carusel;
    DELETE FROM subgrupos;
    DELETE FROM grupos;
    DELETE FROM marcas;
    
    INSERT INTO grupos(id,nombre)VALUES(0,"OTROS");
    UPDATE grupos SET id = 0;
    
    INSERT INTO marcas(id,nombre)VALUES(0,"OTROS");
    UPDATE marcas SET id = 0;
    
     INSERT INTO clientes(id,nombres,email,terminos,comunicaciones)
     VALUES(0,"CLIENTE OCACIONAL","NOREPLI@SINCORREO.COM",0,0);
	 UPDATE clientes SET id = 0;
    
    ALTER TABLE orden_detalles AUTO_INCREMENT = 1;
    ALTER TABLE ordenes AUTO_INCREMENT = 1;
    ALTER TABLE clientes AUTO_INCREMENT = 1;
    ALTER TABLE articulos AUTO_INCREMENT = 1;
    ALTER TABLE barrios AUTO_INCREMENT = 1;
    ALTER TABLE carusel AUTO_INCREMENT = 1;
    ALTER TABLE cupones AUTO_INCREMENT = 1;
    ALTER TABLE subgrupos AUTO_INCREMENT = 1;
    ALTER TABLE grupos AUTO_INCREMENT = 1;
    ALTER TABLE marcas AUTO_INCREMENT = 1;
  
    
END$$

DELIMITER ;

-- --------------------------------------------------------

--
-- Estructura de tabla para la tabla `articulos`
--

CREATE TABLE `articulos` (
  `id` int(11) NOT NULL,
  `codigo` varchar(20) NOT NULL,
  `nombre` varchar(150) NOT NULL,
  `descripcion` varchar(500) DEFAULT NULL,
  `lista` varchar(1000) DEFAULT NULL,
  `precio` double NOT NULL DEFAULT 0,
  `embalaje` varchar(10) NOT NULL DEFAULT '100 Gr',
  `clasificacion` int(11) NOT NULL DEFAULT 5,
  `categoria` varchar(12) NOT NULL DEFAULT 'NORMAL',
  `idgrupo` int(11) NOT NULL DEFAULT 0,
  `idsubgrupo` int(11) NOT NULL DEFAULT 0,
  `idmarca` int(11) NOT NULL DEFAULT 0,
  `rank` int(11) NOT NULL DEFAULT 5,
  `dcto1` float DEFAULT NULL,
  `cant_dcto1` double DEFAULT NULL,
  `dcto2` float DEFAULT NULL,
  `cant_dcto2` double DEFAULT NULL,
  `dcto3` float DEFAULT NULL,
  `cant_dcto3` double DEFAULT NULL,
  `img` varchar(150) NOT NULL
) ENGINE=InnoDB DEFAULT CHARSET=utf8;

--
-- Volcado de datos para la tabla `articulos`
--

INSERT INTO `articulos` (`id`, `codigo`, `nombre`, `descripcion`, `lista`, `precio`, `embalaje`, `clasificacion`, `categoria`, `idgrupo`, `idsubgrupo`, `idmarca`, `rank`, `dcto1`, `cant_dcto1`, `dcto2`, `cant_dcto2`, `dcto3`, `cant_dcto3`, `img`) VALUES
(8, '1', 'ALMENDRA DORADA ', 'VERSATILIDAD A LA HORA DE ESCOGER LA MEJOR DECORACIÓN PARA TUS POSTRES, TORTAS Y DEMÁS ACOMPAÑANTES EN TUS CELEBRACIONES Y EVENTOS', '', 85, 'gr', 4, 'NORMAL', 1, 24, 0, 2, NULL, NULL, NULL, NULL, NULL, NULL, 'img/articulos/ALMENDRA DORADA.png'),
(9, '2', 'ALMENDRA PLATEADA', 'VERSATILIDAD A LA HORA DE ESCOGER LA MEJOR DECORACIÓN PARA TUS POSTRES, TORTAS Y DEMÁS ACOMPAÑANTES EN TUS CELEBRACIONES Y EVENTOS', '', 85, 'gr', 5, 'NORMAL', 1, 24, 0, 5, NULL, NULL, NULL, NULL, NULL, NULL, '0'),
(10, '3', 'ALMENDRA BLANCA ', 'VERSATILIDAD A LA HORA DE ESCOGER LA MEJOR DECORACIÓN PARA TUS POSTRES, TORTAS Y DEMÁS ACOMPAÑANTES EN TUS CELEBRACIONES Y EVENTOS', '', 25, 'gr', 5, 'NORMAL', 1, 24, 0, 4, 22, 3000, 200, 10000, NULL, NULL, '0'),
(11, '4', 'ALMENDRA DE COLORES ', 'VERSATILIDAD A LA HORA DE ESCOGER LA MEJOR DECORACIÓN PARA TUS POSTRES, TORTAS Y DEMÁS ACOMPAÑANTES EN TUS CELEBRACIONES Y EVENTOS', '', 25, 'gr', 3, 'NORMAL', 1, 24, 0, 5, 22, 3000, 200, 10000, NULL, NULL, '0'),
(12, '5', 'GRANULADO', 'VERSATILIDAD A LA HORA DE ESCOGER LA MEJOR DECORACIÓN PARA TUS POSTRES, TORTAS Y DEMÁS ACOMPAÑANTES EN TUS CELEBRACIONES Y EVENTOS', '', 30, 'gr', 5, 'NORMAL', 1, 24, 0, 3, 28, 3000, 270, 10000, NULL, NULL, '0'),
(13, '6', 'FLOCOS DE CHOCOLATE ', 'VERSATILIDAD A LA HORA DE ESCOGER LA MEJOR DECORACIÓN PARA TUS POSTRES, TORTAS Y DEMÁS ACOMPAÑANTES EN TUS CELEBRACIONES Y EVENTOS', '', 40, 'gr', 3, 'NORMAL', 1, 24, 0, 2, NULL, NULL, NULL, NULL, NULL, NULL, '0'),
(14, '7', 'GRANULADO', 'VERSATILIDAD A LA HORA DE ESCOGER LA MEJOR DECORACIÓN PARA TUS POSTRES, TORTAS Y DEMÁS ACOMPAÑANTES EN TUS CELEBRACIONES Y EVENTOS', '', 40, 'gr', 3, 'NORMAL', 1, 24, 0, 5, NULL, NULL, NULL, NULL, NULL, NULL, '0'),
(15, '8', 'GRANULADO', 'VERSATILIDAD A LA HORA DE ESCOGER LA MEJOR DECORACIÓN PARA TUS POSTRES, TORTAS Y DEMÁS ACOMPAÑANTES EN TUS CELEBRACIONES Y EVENTOS', '', 40, 'gr', 3, 'NORMAL', 1, 24, 0, 3, NULL, NULL, NULL, NULL, NULL, NULL, '0'),
(16, '9', 'ARROS BLANCO SOPLADO ', 'VERSATILIDAD A LA HORA DE ESCOGER LA MEJOR DECORACIÓN PARA TUS POSTRES, TORTAS Y DEMÁS ACOMPAÑANTES EN TUS CELEBRACIONES Y EVENTOS', '', 19, 'gr', 3, 'NORMAL', 1, 24, 0, 3, NULL, NULL, NULL, NULL, NULL, NULL, '0'),
(17, '10', 'ARROZ CRISPI ', 'VERSATILIDAD A LA HORA DE ESCOGER LA MEJOR DECORACIÓN PARA TUS POSTRES, TORTAS Y DEMÁS ACOMPAÑANTES EN TUS CELEBRACIONES Y EVENTOS', '', 16, 'gr', 3, 'NORMAL', 1, 24, 0, 5, 14, 3000, 13, 10000, NULL, NULL, '0'),
(18, '11', 'CHIPS DE CHOCOLATE BLANCO ', 'VERSATILIDAD A LA HORA DE ESCOGER LA MEJOR DECORACIÓN PARA TUS POSTRES, TORTAS Y DEMÁS ACOMPAÑANTES EN TUS CELEBRACIONES Y EVENTOS', '', 28, 'gr', 3, 'NORMAL', 1, 24, 0, 3, 26, 3000, 25, 10000, NULL, NULL, '0'),
(19, '12', 'CHIPS DE CHOCOLATE ', 'VERSATILIDAD A LA HORA DE ESCOGER LA MEJOR DECORACIÓN PARA TUS POSTRES, TORTAS Y DEMÁS ACOMPAÑANTES EN TUS CELEBRACIONES Y EVENTOS', '', 26, 'gr', 5, 'NORMAL', 1, 24, 0, 4, 24, 3000, 230, 10000, NULL, NULL, '0'),
(20, '13', 'CHOCOLATE CEREAL MINI ', 'VERSATILIDAD A LA HORA DE ESCOGER LA MEJOR DECORACIÓN PARA TUS POSTRES, TORTAS Y DEMÁS ACOMPAÑANTES EN TUS CELEBRACIONES Y EVENTOS', '', 40, 'gr', 4, 'NORMAL', 1, 24, 0, 5, NULL, NULL, NULL, NULL, NULL, NULL, '0'),
(21, '14', 'CHOCO UVAS MULTICOLOR ', 'VERSATILIDAD A LA HORA DE ESCOGER LA MEJOR DECORACIÓN PARA TUS POSTRES, TORTAS Y DEMÁS ACOMPAÑANTES EN TUS CELEBRACIONES Y EVENTOS', '', 38, 'gr', 3, 'NORMAL', 1, 24, 0, 5, 35, 3000, 340, 10000, NULL, NULL, '0'),
(22, '15', 'CHOCO CORAZONES ', 'VERSATILIDAD A LA HORA DE ESCOGER LA MEJOR DECORACIÓN PARA TUS POSTRES, TORTAS Y DEMÁS ACOMPAÑANTES EN TUS CELEBRACIONES Y EVENTOS', '', 40, 'gr', 3, 'NORMAL', 1, 24, 0, 3, 36, 3000, 350, 10000, NULL, NULL, '0'),
(23, '16', 'CHOCOMANI ', 'VERSATILIDAD A LA HORA DE ESCOGER LA MEJOR DECORACIÓN PARA TUS POSTRES, TORTAS Y DEMÁS ACOMPAÑANTES EN TUS CELEBRACIONES Y EVENTOS', '', 40, 'gr', 5, 'NORMAL', 1, 24, 0, 3, 36, 3000, 350, 10000, NULL, NULL, '0'),
(24, '17', 'CHOCO CORAZON MULTICOLOR ', 'VERSATILIDAD A LA HORA DE ESCOGER LA MEJOR DECORACIÓN PARA TUS POSTRES, TORTAS Y DEMÁS ACOMPAÑANTES EN TUS CELEBRACIONES Y EVENTOS', '', 40, 'gr', 3, 'NORMAL', 1, 24, 0, 4, 36, 3000, 350, 10000, NULL, NULL, '0'),
(25, '18', 'LLUVIA DE CHOCOLATE ', 'VERSATILIDAD A LA HORA DE ESCOGER LA MEJOR DECORACIÓN PARA TUS POSTRES, TORTAS Y DEMÁS ACOMPAÑANTES EN TUS CELEBRACIONES Y EVENTOS', '', 22, 'gr', 4, 'NORMAL', 1, 24, 0, 3, 21, 3000, 200, 10000, NULL, NULL, '0'),
(26, '19', 'LLUVIA DE CHOCOLATE  DE COLORES ', 'VERSATILIDAD A LA HORA DE ESCOGER LA MEJOR DECORACIÓN PARA TUS POSTRES, TORTAS Y DEMÁS ACOMPAÑANTES EN TUS CELEBRACIONES Y EVENTOS', '', 22, 'gr', 5, 'NORMAL', 1, 24, 0, 2, 21, 3000, 200, 10000, NULL, NULL, '0'),
(27, '20', 'M & M GRANDE ', 'VERSATILIDAD A LA HORA DE ESCOGER LA MEJOR DECORACIÓN PARA TUS POSTRES, TORTAS Y DEMÁS ACOMPAÑANTES EN TUS CELEBRACIONES Y EVENTOS', '', 30, 'gr', 3, 'NORMAL', 1, 24, 0, 2, 28, 3000, 270, 10000, NULL, NULL, '0'),
(28, '21', 'CHOCOGALLETA', 'VERSATILIDAD A LA HORA DE ESCOGER LA MEJOR DECORACIÓN PARA TUS POSTRES, TORTAS Y DEMÁS ACOMPAÑANTES EN TUS CELEBRACIONES Y EVENTOS', '', 38, 'gr', 4, 'NORMAL', 1, 24, 0, 5, 35, 3000, 320, 10000, NULL, NULL, '0'),
(29, '22', 'CHOCO UVA ', 'VERSATILIDAD A LA HORA DE ESCOGER LA MEJOR DECORACIÓN PARA TUS POSTRES, TORTAS Y DEMÁS ACOMPAÑANTES EN TUS CELEBRACIONES Y EVENTOS', '', 38, 'gr', 5, 'NORMAL', 1, 24, 0, 5, 35, 3000, 320, 10000, NULL, NULL, '0'),
(30, '23', 'M & M PEQUEÑO', 'VERSATILIDAD A LA HORA DE ESCOGER LA MEJOR DECORACIÓN PARA TUS POSTRES, TORTAS Y DEMÁS ACOMPAÑANTES EN TUS CELEBRACIONES Y EVENTOS', '', 36, 'gr', 5, 'NORMAL', 1, 24, 0, 3, 34, 3000, 320, 10000, NULL, NULL, '0'),
(31, '24', 'GOMITAS SELLADAS', 'VERSATILIDAD A LA HORA DE ESCOGER LA MEJOR DECORACIÓN PARA TUS POSTRES, TORTAS Y DEMÁS ACOMPAÑANTES EN TUS CELEBRACIONES Y EVENTOS', '', 28, 'gr', 5, 'NORMAL', 1, 24, 0, 4, 26, 3000, 24, 10000, NULL, NULL, '0'),
(32, '25', 'MORITAS ', 'VERSATILIDAD A LA HORA DE ESCOGER LA MEJOR DECORACIÓN PARA TUS POSTRES, TORTAS Y DEMÁS ACOMPAÑANTES EN TUS CELEBRACIONES Y EVENTOS', '', 24, 'gr', 5, 'NORMAL', 1, 24, 0, 2, 22, 3000, 210, 10000, NULL, NULL, '0'),
(33, '26', 'GOMITAS DE GUSANO SELLADAS', 'VERSATILIDAD A LA HORA DE ESCOGER LA MEJOR DECORACIÓN PARA TUS POSTRES, TORTAS Y DEMÁS ACOMPAÑANTES EN TUS CELEBRACIONES Y EVENTOS', '', 28, 'gr', 3, 'NORMAL', 1, 24, 0, 3, 26, 3000, NULL, NULL, NULL, NULL, '0'),
(34, '27', 'GOMITAS ECONOMICAS', 'VERSATILIDAD A LA HORA DE ESCOGER LA MEJOR DECORACIÓN PARA TUS POSTRES, TORTAS Y DEMÁS ACOMPAÑANTES EN TUS CELEBRACIONES Y EVENTOS', '', 24, 'gr', 2, 'NORMAL', 1, 24, 0, 2, 20, 3000, NULL, NULL, NULL, NULL, '0'),
(35, '28', 'GOMTAS ARITO', 'VERSATILIDAD A LA HORA DE ESCOGER LA MEJOR DECORACIÓN PARA TUS POSTRES, TORTAS Y DEMÁS ACOMPAÑANTES EN TUS CELEBRACIONES Y EVENTOS', '', 28, 'gr', 5, 'NORMAL', 1, 24, 0, 5, 26, 3000, NULL, NULL, NULL, NULL, '0'),
(36, '29', 'AZÚCAR DE COLORES ', 'VERSATILIDAD A LA HORA DE ESCOGER LA MEJOR DECORACIÓN PARA TUS POSTRES, TORTAS Y DEMÁS ACOMPAÑANTES EN TUS CELEBRACIONES Y EVENTOS', '', 25, 'gr', 3, 'NORMAL', 1, 24, 0, 2, 22, 3000, 200, 10000, NULL, NULL, '0'),
(37, '30', 'AZÚCAR DE COLORES ', 'VERSATILIDAD A LA HORA DE ESCOGER LA MEJOR DECORACIÓN PARA TUS POSTRES, TORTAS Y DEMÁS ACOMPAÑANTES EN TUS CELEBRACIONES Y EVENTOS', '', 25, 'gr', 1, 'NORMAL', 1, 24, 0, 4, 22, 3000, 200, 10000, NULL, NULL, '0'),
(38, '31', 'AZÚCAR DE COLORES ', 'VERSATILIDAD A LA HORA DE ESCOGER LA MEJOR DECORACIÓN PARA TUS POSTRES, TORTAS Y DEMÁS ACOMPAÑANTES EN TUS CELEBRACIONES Y EVENTOS', '', 25, 'gr', 4, 'NORMAL', 1, 24, 0, 3, 22, 3000, 200, 10000, NULL, NULL, '0'),
(39, '32', 'AZÚCAR DE COLORES ', 'VERSATILIDAD A LA HORA DE ESCOGER LA MEJOR DECORACIÓN PARA TUS POSTRES, TORTAS Y DEMÁS ACOMPAÑANTES EN TUS CELEBRACIONES Y EVENTOS', '', 25, 'gr', 3, 'NORMAL', 1, 24, 0, 3, 22, 3000, 200, 10000, NULL, NULL, '0'),
(40, '33', 'AZÚCAR DE COLORES ', 'VERSATILIDAD A LA HORA DE ESCOGER LA MEJOR DECORACIÓN PARA TUS POSTRES, TORTAS Y DEMÁS ACOMPAÑANTES EN TUS CELEBRACIONES Y EVENTOS', '', 25, 'gr', 2, 'NORMAL', 1, 24, 0, 5, 22, 3000, 200, 10000, NULL, NULL, '0'),
(41, '34', 'AZÚCAR DE COLORES ', 'VERSATILIDAD A LA HORA DE ESCOGER LA MEJOR DECORACIÓN PARA TUS POSTRES, TORTAS Y DEMÁS ACOMPAÑANTES EN TUS CELEBRACIONES Y EVENTOS', '', 25, 'gr', 3, 'NORMAL', 1, 24, 0, 4, 22, 3000, 200, 10000, NULL, NULL, '0'),
(42, '35', 'AZÚCAR DE COLORES ', 'VERSATILIDAD A LA HORA DE ESCOGER LA MEJOR DECORACIÓN PARA TUS POSTRES, TORTAS Y DEMÁS ACOMPAÑANTES EN TUS CELEBRACIONES Y EVENTOS', '', 25, 'gr', 2, 'NORMAL', 1, 24, 0, 3, 22, 3000, 200, 10000, NULL, NULL, '0'),
(43, '36', 'AZÚCAR DE COLORES ', 'VERSATILIDAD A LA HORA DE ESCOGER LA MEJOR DECORACIÓN PARA TUS POSTRES, TORTAS Y DEMÁS ACOMPAÑANTES EN TUS CELEBRACIONES Y EVENTOS', '', 25, 'gr', 3, 'NORMAL', 1, 24, 0, 3, 22, 3000, 200, 10000, NULL, NULL, '0'),
(44, '37', 'AZÚCAR DE COLORES ', 'VERSATILIDAD A LA HORA DE ESCOGER LA MEJOR DECORACIÓN PARA TUS POSTRES, TORTAS Y DEMÁS ACOMPAÑANTES EN TUS CELEBRACIONES Y EVENTOS', '', 25, 'gr', 2, 'NORMAL', 1, 24, 0, 4, 22, 3000, 200, 10000, NULL, NULL, '0'),
(45, '38', 'AZÚCAR DE COLORES ', 'VERSATILIDAD A LA HORA DE ESCOGER LA MEJOR DECORACIÓN PARA TUS POSTRES, TORTAS Y DEMÁS ACOMPAÑANTES EN TUS CELEBRACIONES Y EVENTOS', '', 25, 'gr', 5, 'NORMAL', 1, 24, 0, 3, 22, 3000, 200, 10000, NULL, NULL, '0'),
(46, '39', 'BRILLANTINA ', 'VERSATILIDAD A LA HORA DE ESCOGER LA MEJOR DECORACIÓN PARA TUS POSTRES, TORTAS Y DEMÁS ACOMPAÑANTES EN TUS CELEBRACIONES Y EVENTOS', '', 230, 'gr', 4, 'NORMAL', 1, 24, 0, 3, NULL, NULL, NULL, NULL, NULL, NULL, '0'),
(47, '40', 'BRILLANTINA ', 'VERSATILIDAD A LA HORA DE ESCOGER LA MEJOR DECORACIÓN PARA TUS POSTRES, TORTAS Y DEMÁS ACOMPAÑANTES EN TUS CELEBRACIONES Y EVENTOS', '', 230, 'gr', 5, 'NORMAL', 1, 24, 0, 2, NULL, NULL, NULL, NULL, NULL, NULL, '0'),
(48, '41', 'BRILLANTINA ', 'VERSATILIDAD A LA HORA DE ESCOGER LA MEJOR DECORACIÓN PARA TUS POSTRES, TORTAS Y DEMÁS ACOMPAÑANTES EN TUS CELEBRACIONES Y EVENTOS', '', 230, 'gr', 3, 'NORMAL', 1, 24, 0, 5, NULL, NULL, NULL, NULL, NULL, NULL, '0'),
(49, '42', 'BRILLANTINA ', 'VERSATILIDAD A LA HORA DE ESCOGER LA MEJOR DECORACIÓN PARA TUS POSTRES, TORTAS Y DEMÁS ACOMPAÑANTES EN TUS CELEBRACIONES Y EVENTOS', '', 230, 'gr', 2, 'NORMAL', 1, 24, 0, 3, NULL, NULL, NULL, NULL, NULL, NULL, '0'),
(50, '43', 'BRILLANTINA ', 'VERSATILIDAD A LA HORA DE ESCOGER LA MEJOR DECORACIÓN PARA TUS POSTRES, TORTAS Y DEMÁS ACOMPAÑANTES EN TUS CELEBRACIONES Y EVENTOS', '', 230, 'gr', 4, 'NORMAL', 1, 24, 0, 4, NULL, NULL, NULL, NULL, NULL, NULL, '0'),
(51, '44', 'CRISTALES DORADOS ', 'VERSATILIDAD A LA HORA DE ESCOGER LA MEJOR DECORACIÓN PARA TUS POSTRES, TORTAS Y DEMÁS ACOMPAÑANTES EN TUS CELEBRACIONES Y EVENTOS', '', 100, 'gr', 3, 'NORMAL', 1, 24, 0, 2, 8, 3000, 750, 10000, NULL, NULL, '0'),
(52, '45', 'CRIATALES PLATEADOS', 'VERSATILIDAD A LA HORA DE ESCOGER LA MEJOR DECORACIÓN PARA TUS POSTRES, TORTAS Y DEMÁS ACOMPAÑANTES EN TUS CELEBRACIONES Y EVENTOS', '', 100, 'gr', 2, 'NORMAL', 1, 24, 0, 4, 8, 3000, 750, 10000, NULL, NULL, '0'),
(53, '46', 'PERLAS EXTRAGRANDES AZUL CIELO ', 'VERSATILIDAD A LA HORA DE ESCOGER LA MEJOR DECORACIÓN PARA TUS POSTRES, TORTAS Y DEMÁS ACOMPAÑANTES EN TUS CELEBRACIONES Y EVENTOS', '', 80, 'gr', 3, 'NORMAL', 1, 24, 0, 5, 70, 3000, 600, 10000, NULL, NULL, '0'),
(54, '47', 'PERLAS EXTRAGRANDES MORADAS', 'VERSATILIDAD A LA HORA DE ESCOGER LA MEJOR DECORACIÓN PARA TUS POSTRES, TORTAS Y DEMÁS ACOMPAÑANTES EN TUS CELEBRACIONES Y EVENTOS', '', 80, 'gr', 4, 'NORMAL', 1, 24, 0, 3, 70, 3000, 600, 10000, NULL, NULL, '0'),
(55, '48', 'PERLAS EXTRAGRANDES PURPURA ', 'VERSATILIDAD A LA HORA DE ESCOGER LA MEJOR DECORACIÓN PARA TUS POSTRES, TORTAS Y DEMÁS ACOMPAÑANTES EN TUS CELEBRACIONES Y EVENTOS', '', 80, 'gr', 3, 'NORMAL', 1, 24, 0, 4, 70, 3000, 600, 10000, NULL, NULL, '0'),
(56, '49', 'PERLAS EXTRAGRANDES ROSADAS ', 'VERSATILIDAD A LA HORA DE ESCOGER LA MEJOR DECORACIÓN PARA TUS POSTRES, TORTAS Y DEMÁS ACOMPAÑANTES EN TUS CELEBRACIONES Y EVENTOS', '', 80, 'gr', 2, 'NORMAL', 1, 24, 0, 5, 70, 3000, 600, 10000, NULL, NULL, '0'),
(57, '50', 'PERLAS EXTRAGRANDES VERDE ', 'VERSATILIDAD A LA HORA DE ESCOGER LA MEJOR DECORACIÓN PARA TUS POSTRES, TORTAS Y DEMÁS ACOMPAÑANTES EN TUS CELEBRACIONES Y EVENTOS', '', 80, 'gr', 4, 'NORMAL', 1, 24, 0, 3, 70, 3000, 600, 10000, NULL, NULL, '0'),
(58, '51', 'GRAGEAS PERLADAS ', 'VERSATILIDAD A LA HORA DE ESCOGER LA MEJOR DECORACIÓN PARA TUS POSTRES, TORTAS Y DEMÁS ACOMPAÑANTES EN TUS CELEBRACIONES Y EVENTOS', '', 60, 'gr', 3, 'NORMAL', 1, 24, 0, 5, 50, 3000, 450, 10000, NULL, NULL, '0'),
(59, '52', 'GRAGEA AMARRILLA PERLADA GRANDE', 'VERSATILIDAD A LA HORA DE ESCOGER LA MEJOR DECORACIÓN PARA TUS POSTRES, TORTAS Y DEMÁS ACOMPAÑANTES EN TUS CELEBRACIONES Y EVENTOS', '', 80, 'gr', 1, 'NORMAL', 1, 24, 0, 4, 70, 3000, 600, 10000, NULL, NULL, '0'),
(60, '53', 'GRAGEAS AZUL CIELO PERLADA ', 'VERSATILIDAD A LA HORA DE ESCOGER LA MEJOR DECORACIÓN PARA TUS POSTRES, TORTAS Y DEMÁS ACOMPAÑANTES EN TUS CELEBRACIONES Y EVENTOS', '', 60, 'gr', 4, 'NORMAL', 1, 24, 0, 5, 50, 3000, 450, 10000, NULL, NULL, '0'),
(61, '54', 'GRAGEA AZUL PERLADA', 'VERSATILIDAD A LA HORA DE ESCOGER LA MEJOR DECORACIÓN PARA TUS POSTRES, TORTAS Y DEMÁS ACOMPAÑANTES EN TUS CELEBRACIONES Y EVENTOS', '', 60, 'gr', 3, 'NORMAL', 1, 24, 0, 3, 50, 3000, 450, 10000, NULL, NULL, '0'),
(62, '55', 'GRAGEAS DE COLORES ROJO Y BLANCO', 'VERSATILIDAD A LA HORA DE ESCOGER LA MEJOR DECORACIÓN PARA TUS POSTRES, TORTAS Y DEMÁS ACOMPAÑANTES EN TUS CELEBRACIONES Y EVENTOS', '', 18, 'gr', 2, 'NORMAL', 1, 24, 0, 4, 16, 3000, 150, 10000, NULL, NULL, '0'),
(63, '56', 'GRAGEA PIEL PERLADA', 'VERSATILIDAD A LA HORA DE ESCOGER LA MEJOR DECORACIÓN PARA TUS POSTRES, TORTAS Y DEMÁS ACOMPAÑANTES EN TUS CELEBRACIONES Y EVENTOS', '', 60, 'gr', 4, 'NORMAL', 1, 24, 0, 3, 50, 3000, 45, 10000, NULL, NULL, '0'),
(64, '57', 'GRAGEA PLATA PERLADA', 'VERSATILIDAD A LA HORA DE ESCOGER LA MEJOR DECORACIÓN PARA TUS POSTRES, TORTAS Y DEMÁS ACOMPAÑANTES EN TUS CELEBRACIONES Y EVENTOS', '', 60, 'gr', 3, 'NORMAL', 1, 24, 0, 2, 50, 3000, 45, 10000, NULL, NULL, '0'),
(65, '58', 'GRAGEA PURPURA  PERLADA', 'VERSATILIDAD A LA HORA DE ESCOGER LA MEJOR DECORACIÓN PARA TUS POSTRES, TORTAS Y DEMÁS ACOMPAÑANTES EN TUS CELEBRACIONES Y EVENTOS', '', 60, 'gr', 3, 'NORMAL', 1, 24, 0, 2, 50, 3000, 45, 10000, NULL, NULL, '0'),
(66, '59', 'GRAGEA ROJA PERLADA', 'VERSATILIDAD A LA HORA DE ESCOGER LA MEJOR DECORACIÓN PARA TUS POSTRES, TORTAS Y DEMÁS ACOMPAÑANTES EN TUS CELEBRACIONES Y EVENTOS', '', 60, 'gr', 5, 'NORMAL', 1, 24, 0, 5, 50, 3000, 45, 10000, NULL, NULL, '0'),
(67, '60', 'GRAGEA  ROSADA PERLADA', 'VERSATILIDAD A LA HORA DE ESCOGER LA MEJOR DECORACIÓN PARA TUS POSTRES, TORTAS Y DEMÁS ACOMPAÑANTES EN TUS CELEBRACIONES Y EVENTOS', '', 60, 'gr', 4, 'NORMAL', 1, 24, 0, 4, 50, 3000, 45, 10000, NULL, NULL, '0'),
(68, '61', 'GRAGEA VERDE PERLADA', 'VERSATILIDAD A LA HORA DE ESCOGER LA MEJOR DECORACIÓN PARA TUS POSTRES, TORTAS Y DEMÁS ACOMPAÑANTES EN TUS CELEBRACIONES Y EVENTOS', '', 60, 'gr', 3, 'NORMAL', 1, 24, 0, 5, 50, 3000, 45, 10000, NULL, NULL, '0'),
(69, '62', 'GRAGEA VERDE Y AMARILLO  PERLADA', 'VERSATILIDAD A LA HORA DE ESCOGER LA MEJOR DECORACIÓN PARA TUS POSTRES, TORTAS Y DEMÁS ACOMPAÑANTES EN TUS CELEBRACIONES Y EVENTOS', '', 18, 'gr', 3, 'NORMAL', 1, 24, 0, 3, 16, 3000, 140, 10000, NULL, NULL, '0'),
(70, '63', 'GRAGEA DORADO PERLADA', 'VERSATILIDAD A LA HORA DE ESCOGER LA MEJOR DECORACIÓN PARA TUS POSTRES, TORTAS Y DEMÁS ACOMPAÑANTES EN TUS CELEBRACIONES Y EVENTOS', '', 60, 'gr', 4, 'NORMAL', 1, 24, 0, 2, 50, 3000, 45, 10000, NULL, NULL, '0'),
(71, '64', 'GRAGEAS UNICOLOR PEQUEÑA', 'VERSATILIDAD A LA HORA DE ESCOGER LA MEJOR DECORACIÓN PARA TUS POSTRES, TORTAS Y DEMÁS ACOMPAÑANTES EN TUS CELEBRACIONES Y EVENTOS', '', 18, 'gr', 3, 'NORMAL', 1, 24, 0, 4, 16, 3000, 150, 10000, NULL, NULL, '0'),
(72, '65', 'GRAGEAS UNICOLOR PEQUEÑA', 'VERSATILIDAD A LA HORA DE ESCOGER LA MEJOR DECORACIÓN PARA TUS POSTRES, TORTAS Y DEMÁS ACOMPAÑANTES EN TUS CELEBRACIONES Y EVENTOS', '', 18, 'gr', 2, 'NORMAL', 1, 24, 0, 3, 16, 3000, 150, 10000, NULL, NULL, '0'),
(73, '66', 'GRAGEAS UNICOLOR PEQUEÑA', 'VERSATILIDAD A LA HORA DE ESCOGER LA MEJOR DECORACIÓN PARA TUS POSTRES, TORTAS Y DEMÁS ACOMPAÑANTES EN TUS CELEBRACIONES Y EVENTOS', '', 18, 'gr', 4, 'NORMAL', 1, 24, 0, 3, 16, 3000, 150, 10000, NULL, NULL, '0'),
(74, '67', 'GRAGEA MINI AMARILLO PERLADA', 'VERSATILIDAD A LA HORA DE ESCOGER LA MEJOR DECORACIÓN PARA TUS POSTRES, TORTAS Y DEMÁS ACOMPAÑANTES EN TUS CELEBRACIONES Y EVENTOS', '', 18, 'gr', 3, 'NORMAL', 1, 24, 0, 5, 16, 3000, 150, 10000, NULL, NULL, '0'),
(75, '68', 'GRAGEA MINI AZUL CIELO PERLADA', 'VERSATILIDAD A LA HORA DE ESCOGER LA MEJOR DECORACIÓN PARA TUS POSTRES, TORTAS Y DEMÁS ACOMPAÑANTES EN TUS CELEBRACIONES Y EVENTOS', '', 18, 'gr', 2, 'NORMAL', 1, 24, 0, 5, 16, 3000, 150, 10000, NULL, NULL, '0'),
(76, '69', 'GRAGEA MINI AZUL  PERLADA', 'VERSATILIDAD A LA HORA DE ESCOGER LA MEJOR DECORACIÓN PARA TUS POSTRES, TORTAS Y DEMÁS ACOMPAÑANTES EN TUS CELEBRACIONES Y EVENTOS', '', 18, 'gr', 3, 'NORMAL', 1, 24, 0, 3, 16, 3000, 150, 10000, NULL, NULL, '0'),
(77, '70', 'GRAGEA MINI BLANCA PERLADA', 'VERSATILIDAD A LA HORA DE ESCOGER LA MEJOR DECORACIÓN PARA TUS POSTRES, TORTAS Y DEMÁS ACOMPAÑANTES EN TUS CELEBRACIONES Y EVENTOS', '', 18, 'gr', 2, 'NORMAL', 1, 24, 0, 4, 16, 3000, 150, 10000, NULL, NULL, '0'),
(78, '71', 'GRAGEA MINI DORADA PERLADA', 'VERSATILIDAD A LA HORA DE ESCOGER LA MEJOR DECORACIÓN PARA TUS POSTRES, TORTAS Y DEMÁS ACOMPAÑANTES EN TUS CELEBRACIONES Y EVENTOS', '', 18, 'gr', 5, 'NORMAL', 1, 24, 0, 3, 16, 3000, 150, 10000, NULL, NULL, '0'),
(79, '72', 'GRAGEA MINI MORADO PERLADA', 'VERSATILIDAD A LA HORA DE ESCOGER LA MEJOR DECORACIÓN PARA TUS POSTRES, TORTAS Y DEMÁS ACOMPAÑANTES EN TUS CELEBRACIONES Y EVENTOS', '', 18, 'gr', 4, 'NORMAL', 1, 24, 0, 2, 16, 3000, 150, 10000, NULL, NULL, '0'),
(80, '73', 'GRAGEA MINI ROJO PERLADA', 'VERSATILIDAD A LA HORA DE ESCOGER LA MEJOR DECORACIÓN PARA TUS POSTRES, TORTAS Y DEMÁS ACOMPAÑANTES EN TUS CELEBRACIONES Y EVENTOS', '', 18, 'gr', 5, 'NORMAL', 1, 24, 0, 4, 16, 3000, 150, 10000, NULL, NULL, '0'),
(81, '74', 'GRAGEA MINI ROSADA PERLADA', 'VERSATILIDAD A LA HORA DE ESCOGER LA MEJOR DECORACIÓN PARA TUS POSTRES, TORTAS Y DEMÁS ACOMPAÑANTES EN TUS CELEBRACIONES Y EVENTOS', '', 18, 'gr', 3, 'NORMAL', 1, 24, 0, 3, 16, 3000, 150, 10000, NULL, NULL, '0'),
(82, '75', 'GRAGEA MINI ROSADO PERLADA', 'VERSATILIDAD A LA HORA DE ESCOGER LA MEJOR DECORACIÓN PARA TUS POSTRES, TORTAS Y DEMÁS ACOMPAÑANTES EN TUS CELEBRACIONES Y EVENTOS', '', 18, 'gr', 2, 'NORMAL', 1, 24, 0, 4, 16, 3000, 150, 10000, NULL, NULL, '0'),
(83, '76', 'GRAGEA MINI BLANCO  PERLADA', 'VERSATILIDAD A LA HORA DE ESCOGER LA MEJOR DECORACIÓN PARA TUS POSTRES, TORTAS Y DEMÁS ACOMPAÑANTES EN TUS CELEBRACIONES Y EVENTOS', '', 18, 'gr', 3, 'NORMAL', 1, 24, 0, 4, 16, 3000, 140, 10000, NULL, NULL, '0'),
(84, '77', 'GRAGEA MINI MORADO Y ROSADO ', 'VERSATILIDAD A LA HORA DE ESCOGER LA MEJOR DECORACIÓN PARA TUS POSTRES, TORTAS Y DEMÁS ACOMPAÑANTES EN TUS CELEBRACIONES Y EVENTOS', '', 18, 'gr', 3, 'NORMAL', 1, 24, 0, 3, 16, 3000, 140, 10000, NULL, NULL, '0'),
(85, '78', 'GRAGEA VERDE LIMON   PERLADA', 'VERSATILIDAD A LA HORA DE ESCOGER LA MEJOR DECORACIÓN PARA TUS POSTRES, TORTAS Y DEMÁS ACOMPAÑANTES EN TUS CELEBRACIONES Y EVENTOS', '', 18, 'gr', 2, 'NORMAL', 1, 24, 0, 3, 16, 3000, 140, 10000, NULL, NULL, '0'),
(86, '79', 'GRAGEAS MINI ', 'VERSATILIDAD A LA HORA DE ESCOGER LA MEJOR DECORACIÓN PARA TUS POSTRES, TORTAS Y DEMÁS ACOMPAÑANTES EN TUS CELEBRACIONES Y EVENTOS', '', 18, 'gr', 5, 'NORMAL', 1, 24, 0, 5, 16, 3000, 140, 10000, NULL, NULL, '0'),
(87, '80', 'SPRINKLES ', 'VERSATILIDAD A LA HORA DE ESCOGER LA MEJOR DECORACIÓN PARA TUS POSTRES, TORTAS Y DEMÁS ACOMPAÑANTES EN TUS CELEBRACIONES Y EVENTOS', '', 8, 'gr', 3, 'NORMAL', 1, 24, 0, 3, 70, 3000, 60, 10000, NULL, NULL, '0'),
(88, '81', 'SPRINKLES UNICOS ', 'VERSATILIDAD A LA HORA DE ESCOGER LA MEJOR DECORACIÓN PARA TUS POSTRES, TORTAS Y DEMÁS ACOMPAÑANTES EN TUS CELEBRACIONES Y EVENTOS', '', 160, 'gr', 3, 'NORMAL', 1, 24, 0, 3, 140, 3000, 120, 10000, NULL, NULL, '0'),
(89, '82', 'SPRINKLES UNICOS ', 'VERSATILIDAD A LA HORA DE ESCOGER LA MEJOR DECORACIÓN PARA TUS POSTRES, TORTAS Y DEMÁS ACOMPAÑANTES EN TUS CELEBRACIONES Y EVENTOS', '', 160, 'gr', 2, 'NORMAL', 1, 24, 0, 3, 140, 3000, 120, 10000, NULL, NULL, '0'),
(90, '83', 'SPRINKLES 2', 'VERSATILIDAD A LA HORA DE ESCOGER LA MEJOR DECORACIÓN PARA TUS POSTRES, TORTAS Y DEMÁS ACOMPAÑANTES EN TUS CELEBRACIONES Y EVENTOS', '', 80, 'gr', 3, 'NORMAL', 1, 24, 0, 4, 70, 3000, 600, 10000, NULL, NULL, '0'),
(91, '84', 'SPRINKLES 3', 'VERSATILIDAD A LA HORA DE ESCOGER LA MEJOR DECORACIÓN PARA TUS POSTRES, TORTAS Y DEMÁS ACOMPAÑANTES EN TUS CELEBRACIONES Y EVENTOS', '', 80, 'gr', 4, 'NORMAL', 1, 24, 0, 5, 70, 3000, 600, 10000, NULL, NULL, '0'),
(92, '85', 'SPRINKLES 4', 'VERSATILIDAD A LA HORA DE ESCOGER LA MEJOR DECORACIÓN PARA TUS POSTRES, TORTAS Y DEMÁS ACOMPAÑANTES EN TUS CELEBRACIONES Y EVENTOS', '', 80, 'gr', 3, 'NORMAL', 1, 24, 0, 5, 70, 3000, 600, 10000, NULL, NULL, '0'),
(93, '86', 'SPRINKLES 5', 'VERSATILIDAD A LA HORA DE ESCOGER LA MEJOR DECORACIÓN PARA TUS POSTRES, TORTAS Y DEMÁS ACOMPAÑANTES EN TUS CELEBRACIONES Y EVENTOS', '', 80, 'gr', 2, 'NORMAL', 1, 24, 0, 3, 70, 3000, 600, 10000, NULL, NULL, '0'),
(94, '87', 'SPRINKLES 6', 'VERSATILIDAD A LA HORA DE ESCOGER LA MEJOR DECORACIÓN PARA TUS POSTRES, TORTAS Y DEMÁS ACOMPAÑANTES EN TUS CELEBRACIONES Y EVENTOS', '', 80, 'gr', 3, 'NORMAL', 1, 24, 0, 4, 70, 3000, 600, 10000, NULL, NULL, '0'),
(95, '88', 'SPRINKLES 7', 'VERSATILIDAD A LA HORA DE ESCOGER LA MEJOR DECORACIÓN PARA TUS POSTRES, TORTAS Y DEMÁS ACOMPAÑANTES EN TUS CELEBRACIONES Y EVENTOS', '', 80, 'gr', 1, 'NORMAL', 1, 24, 0, 3, 70, 3000, 600, 10000, NULL, NULL, '0'),
(96, '89', 'SPRINKLES 8', 'VERSATILIDAD A LA HORA DE ESCOGER LA MEJOR DECORACIÓN PARA TUS POSTRES, TORTAS Y DEMÁS ACOMPAÑANTES EN TUS CELEBRACIONES Y EVENTOS', '', 80, 'gr', 4, 'NORMAL', 1, 24, 0, 2, 70, 3000, 600, 10000, NULL, NULL, '0'),
(97, '90', 'SPRINKLES 9', 'VERSATILIDAD A LA HORA DE ESCOGER LA MEJOR DECORACIÓN PARA TUS POSTRES, TORTAS Y DEMÁS ACOMPAÑANTES EN TUS CELEBRACIONES Y EVENTOS', '', 80, 'gr', 3, 'NORMAL', 1, 24, 0, 4, 70, 3000, 600, 10000, NULL, NULL, '0'),
(98, '91', 'SPRINKLES 10', 'VERSATILIDAD A LA HORA DE ESCOGER LA MEJOR DECORACIÓN PARA TUS POSTRES, TORTAS Y DEMÁS ACOMPAÑANTES EN TUS CELEBRACIONES Y EVENTOS', '', 80, 'gr', 2, 'NORMAL', 1, 24, 0, 3, 70, 3000, 600, 10000, NULL, NULL, '0'),
(99, '92', 'SPRINKLES 11', 'VERSATILIDAD A LA HORA DE ESCOGER LA MEJOR DECORACIÓN PARA TUS POSTRES, TORTAS Y DEMÁS ACOMPAÑANTES EN TUS CELEBRACIONES Y EVENTOS', '', 80, 'gr', 3, 'NORMAL', 1, 24, 0, 4, 70, 3000, 600, 10000, NULL, NULL, '0'),
(100, '93', 'SPRINKLES 12', 'VERSATILIDAD A LA HORA DE ESCOGER LA MEJOR DECORACIÓN PARA TUS POSTRES, TORTAS Y DEMÁS ACOMPAÑANTES EN TUS CELEBRACIONES Y EVENTOS', '', 80, 'gr', 2, 'NORMAL', 1, 24, 0, 3, 70, 3000, 600, 10000, NULL, NULL, '0'),
(101, '94', 'SPRINKLES 13', 'VERSATILIDAD A LA HORA DE ESCOGER LA MEJOR DECORACIÓN PARA TUS POSTRES, TORTAS Y DEMÁS ACOMPAÑANTES EN TUS CELEBRACIONES Y EVENTOS', '', 80, 'gr', 3, 'NORMAL', 1, 24, 0, 2, 70, 3000, 600, 10000, NULL, NULL, '0'),
(102, '95', 'SPRINKLES 14', 'VERSATILIDAD A LA HORA DE ESCOGER LA MEJOR DECORACIÓN PARA TUS POSTRES, TORTAS Y DEMÁS ACOMPAÑANTES EN TUS CELEBRACIONES Y EVENTOS', '', 80, 'gr', 2, 'NORMAL', 1, 24, 0, 2, 70, 3000, 600, 10000, NULL, NULL, '0'),
(103, '96', 'SPRINKLES 15', 'VERSATILIDAD A LA HORA DE ESCOGER LA MEJOR DECORACIÓN PARA TUS POSTRES, TORTAS Y DEMÁS ACOMPAÑANTES EN TUS CELEBRACIONES Y EVENTOS', '', 80, 'gr', 5, 'NORMAL', 1, 24, 0, 5, 70, 3000, 600, 10000, NULL, NULL, '0'),
(104, '97', 'SPRINKLES 16', 'VERSATILIDAD A LA HORA DE ESCOGER LA MEJOR DECORACIÓN PARA TUS POSTRES, TORTAS Y DEMÁS ACOMPAÑANTES EN TUS CELEBRACIONES Y EVENTOS', '', 80, 'gr', 4, 'NORMAL', 1, 24, 0, 4, 70, 3000, 600, 10000, NULL, NULL, '0'),
(105, '98', 'SPRINKLES 17', 'VERSATILIDAD A LA HORA DE ESCOGER LA MEJOR DECORACIÓN PARA TUS POSTRES, TORTAS Y DEMÁS ACOMPAÑANTES EN TUS CELEBRACIONES Y EVENTOS', '', 80, 'gr', 5, 'NORMAL', 1, 24, 0, 5, 70, 3000, 600, 10000, NULL, NULL, '0'),
(106, '99', 'SPRINKLES DORADOS ', 'VERSATILIDAD A LA HORA DE ESCOGER LA MEJOR DECORACIÓN PARA TUS POSTRES, TORTAS Y DEMÁS ACOMPAÑANTES EN TUS CELEBRACIONES Y EVENTOS', '', 160, 'gr', 2, 'NORMAL', 1, 24, 0, 2, 140, 3000, 1200, 10000, NULL, NULL, '0'),
(107, '100', 'SPRINKLES  PLATEADOS', 'VERSATILIDAD A LA HORA DE ESCOGER LA MEJOR DECORACIÓN PARA TUS POSTRES, TORTAS Y DEMÁS ACOMPAÑANTES EN TUS CELEBRACIONES Y EVENTOS', '', 160, 'gr', 4, 'NORMAL', 1, 24, 0, 4, 140, 3000, 1200, 10000, NULL, NULL, '0'),
(108, '101', 'CONFETI TOPPINS', 'VERSATILIDAD A LA HORA DE ESCOGER LA MEJOR DECORACIÓN PARA TUS POSTRES, TORTAS Y DEMÁS ACOMPAÑANTES EN TUS CELEBRACIONES Y EVENTOS', '', 80, 'gr', 4, 'NORMAL', 1, 24, 0, 4, 70, 3000, 600, 10000, NULL, NULL, '0'),
(109, '102', 'CORAZONES TOPPINS', 'VERSATILIDAD A LA HORA DE ESCOGER LA MEJOR DECORACIÓN PARA TUS POSTRES, TORTAS Y DEMÁS ACOMPAÑANTES EN TUS CELEBRACIONES Y EVENTOS', '', 80, 'gr', 3, 'NORMAL', 1, 24, 0, 3, 70, 3000, 600, 10000, NULL, NULL, '0'),
(110, '103', 'TOPPINS CORAZONES ', 'VERSATILIDAD A LA HORA DE ESCOGER LA MEJOR DECORACIÓN PARA TUS POSTRES, TORTAS Y DEMÁS ACOMPAÑANTES EN TUS CELEBRACIONES Y EVENTOS', '', 160, 'gr', 3, 'NORMAL', 1, 24, 0, 3, 140, 3000, 1200, 10000, NULL, NULL, '0'),
(111, '104', 'TOPPINS CORAZONES PLATEADOS ', 'VERSATILIDAD A LA HORA DE ESCOGER LA MEJOR DECORACIÓN PARA TUS POSTRES, TORTAS Y DEMÁS ACOMPAÑANTES EN TUS CELEBRACIONES Y EVENTOS', '', 160, 'gr', 5, 'NORMAL', 1, 24, 0, 5, 140, 3000, 1200, 10000, NULL, NULL, '0'),
(112, '105', 'TOPPINS CORAZONES DORADOS', 'VERSATILIDAD A LA HORA DE ESCOGER LA MEJOR DECORACIÓN PARA TUS POSTRES, TORTAS Y DEMÁS ACOMPAÑANTES EN TUS CELEBRACIONES Y EVENTOS', '', 160, 'gr', 4, 'NORMAL', 1, 24, 0, 4, 140, 3000, 1200, 10000, NULL, NULL, '0'),
(113, '106', 'TOPPINS CORAZONES ROSADOS ', 'VERSATILIDAD A LA HORA DE ESCOGER LA MEJOR DECORACIÓN PARA TUS POSTRES, TORTAS Y DEMÁS ACOMPAÑANTES EN TUS CELEBRACIONES Y EVENTOS', '', 160, 'gr', 3, 'NORMAL', 1, 24, 0, 3, 140, 3000, 1200, 10000, NULL, NULL, '0'),
(114, '107', 'TOPPINS BESITOS ', 'VERSATILIDAD A LA HORA DE ESCOGER LA MEJOR DECORACIÓN PARA TUS POSTRES, TORTAS Y DEMÁS ACOMPAÑANTES EN TUS CELEBRACIONES Y EVENTOS', '', 160, 'gr', 3, 'NORMAL', 1, 24, 0, 3, 140, 3000, 1200, 10000, NULL, NULL, '0'),
(115, '108', 'TOPPINS COPO DE NIEVE ', 'VERSATILIDAD A LA HORA DE ESCOGER LA MEJOR DECORACIÓN PARA TUS POSTRES, TORTAS Y DEMÁS ACOMPAÑANTES EN TUS CELEBRACIONES Y EVENTOS', '', 160, 'gr', 4, 'NORMAL', 1, 24, 0, 4, 140, 3000, 1200, 10000, NULL, NULL, '0'),
(116, '109', 'TOPPINS DE MARIPOSA ', 'VERSATILIDAD A LA HORA DE ESCOGER LA MEJOR DECORACIÓN PARA TUS POSTRES, TORTAS Y DEMÁS ACOMPAÑANTES EN TUS CELEBRACIONES Y EVENTOS', '', 160, 'gr', 3, 'NORMAL', 1, 24, 0, 3, 140, 3000, 1200, 10000, NULL, NULL, '0'),
(117, '110', 'TOPPINS ESTRELLA AZUL Y AMARILLA ', 'VERSATILIDAD A LA HORA DE ESCOGER LA MEJOR DECORACIÓN PARA TUS POSTRES, TORTAS Y DEMÁS ACOMPAÑANTES EN TUS CELEBRACIONES Y EVENTOS', '', 160, 'gr', 3, 'NORMAL', 1, 24, 0, 3, 140, 3000, 1200, 10000, NULL, NULL, '0'),
(118, '111', 'TOPPINS ESTRELLAS DE COLORES ', 'VERSATILIDAD A LA HORA DE ESCOGER LA MEJOR DECORACIÓN PARA TUS POSTRES, TORTAS Y DEMÁS ACOMPAÑANTES EN TUS CELEBRACIONES Y EVENTOS', '', 160, 'gr', 2, 'NORMAL', 1, 24, 0, 2, 140, 3000, 1200, 10000, NULL, NULL, '0'),
(119, '112', 'TOPPINS HUEVOS DE PASCUA ', 'VERSATILIDAD A LA HORA DE ESCOGER LA MEJOR DECORACIÓN PARA TUS POSTRES, TORTAS Y DEMÁS ACOMPAÑANTES EN TUS CELEBRACIONES Y EVENTOS', '', 160, 'gr', 5, 'NORMAL', 1, 24, 0, 5, 140, 3000, 1200, 10000, NULL, NULL, '0'),
(120, '113', 'ESTRELLAS TOPPINS', 'VERSATILIDAD A LA HORA DE ESCOGER LA MEJOR DECORACIÓN PARA TUS POSTRES, TORTAS Y DEMÁS ACOMPAÑANTES EN TUS CELEBRACIONES Y EVENTOS', '', 80, 'gr', 5, 'NORMAL', 1, 24, 0, 3, 70, 3000, 600, 10000, NULL, NULL, '0'),
(121, '114', 'ESTRELLA AZUL ROJO BLANCO', 'VERSATILIDAD A LA HORA DE ESCOGER LA MEJOR DECORACIÓN PARA TUS POSTRES, TORTAS Y DEMÁS ACOMPAÑANTES EN TUS CELEBRACIONES Y EVENTOS', '', 80, 'gr', 4, 'NORMAL', 1, 24, 0, 4, 70, 3000, 600, 10000, NULL, NULL, '0'),
(122, '115', 'GRAGEA ITALO ', 'VERSATILIDAD A LA HORA DE ESCOGER LA MEJOR DECORACIÓN PARA TUS POSTRES, TORTAS Y DEMÁS ACOMPAÑANTES EN TUS CELEBRACIONES Y EVENTOS', '', 10, 'gr', 3, 'NORMAL', 1, 24, 0, 4, 9, 3000, 80, 10000, NULL, NULL, '0'),
(123, '116', 'HELADITOS TOPPINS ', 'VERSATILIDAD A LA HORA DE ESCOGER LA MEJOR DECORACIÓN PARA TUS POSTRES, TORTAS Y DEMÁS ACOMPAÑANTES EN TUS CELEBRACIONES Y EVENTOS', '', 160, 'gr', 4, 'NORMAL', 1, 24, 0, 3, 140, 3000, 120, 10000, NULL, NULL, '0'),
(124, '117', 'MICKY MOUSE TOPPINS', 'VERSATILIDAD A LA HORA DE ESCOGER LA MEJOR DECORACIÓN PARA TUS POSTRES, TORTAS Y DEMÁS ACOMPAÑANTES EN TUS CELEBRACIONES Y EVENTOS', '', 160, 'gr', 3, 'NORMAL', 1, 24, 0, 4, 140, 3000, 120, 10000, NULL, NULL, '0'),
(125, '118', 'MINI CHICLES ', 'VERSATILIDAD A LA HORA DE ESCOGER LA MEJOR DECORACIÓN PARA TUS POSTRES, TORTAS Y DEMÁS ACOMPAÑANTES EN TUS CELEBRACIONES Y EVENTOS', '', 20, 'gr', 4, 'NORMAL', 1, 24, 0, 3, 18, 3000, 170, 10000, NULL, NULL, '0'),
(126, '119', 'MINICHICLES PLATEADOS ', 'VERSATILIDAD A LA HORA DE ESCOGER LA MEJOR DECORACIÓN PARA TUS POSTRES, TORTAS Y DEMÁS ACOMPAÑANTES EN TUS CELEBRACIONES Y EVENTOS', '', 140, 'gr', 5, 'NORMAL', 1, 24, 0, 3, 120, 3000, 110, 10000, NULL, NULL, '0'),
(127, '120', 'ABECEDARIO EN SILICÓN ', 'PRÁCTICOS E INDISPENSABLES PARA ACOMPAÑARTE JUNTO A TODAS TUS PREPARACIONES EN LA LINEA DE REPOSTERÍA Y PANADERÍA', '', 30000, 'UN', 3, 'NORMAL', 2, 25, 0, 3, NULL, NULL, NULL, NULL, NULL, NULL, '0'),
(128, '121', 'ABECEDARIO EN SILICÓN ', 'PRÁCTICOS E INDISPENSABLES PARA ACOMPAÑARTE JUNTO A TODAS TUS PREPARACIONES EN LA LINEA DE REPOSTERÍA Y PANADERÍA', '', 30000, 'UN', 4, 'NORMAL', 2, 25, 0, 4, NULL, NULL, NULL, NULL, NULL, NULL, '0'),
(129, '122', 'ABECEDARIO PLÁSTICOS ', 'PRÁCTICOS E INDISPENSABLES PARA ACOMPAÑARTE JUNTO A TODAS TUS PREPARACIONES EN LA LINEA DE REPOSTERÍA Y PANADERÍA', '', 10000, 'UN', 5, 'NORMAL', 2, 25, 0, 5, NULL, NULL, NULL, NULL, NULL, NULL, '0'),
(130, '123', 'TERMÓMETRO', 'PRÁCTICOS E INDISPENSABLES PARA ACOMPAÑARTE JUNTO A TODAS TUS PREPARACIONES EN LA LINEA DE REPOSTERÍA Y PANADERÍA', '', 27000, 'UN', 3, 'NORMAL', 2, 25, 0, 3, NULL, NULL, NULL, NULL, NULL, NULL, '0'),
(131, '124', 'ABECEDARIO PLÁSTICOS ', 'PRÁCTICOS E INDISPENSABLES PARA ACOMPAÑARTE JUNTO A TODAS TUS PREPARACIONES EN LA LINEA DE REPOSTERÍA Y PANADERÍA', '', 10000, 'UN', 4, 'NORMAL', 2, 25, 0, 4, NULL, NULL, NULL, NULL, NULL, NULL, '0'),
(132, '125', 'ALISADOR DE PASTILLAJE', 'PRÁCTICOS E INDISPENSABLES PARA ACOMPAÑARTE JUNTO A TODAS TUS PREPARACIONES EN LA LINEA DE REPOSTERÍA Y PANADERÍA', '', 6000, 'UN', 5, 'NORMAL', 2, 25, 0, 5, NULL, NULL, NULL, NULL, NULL, NULL, '0'),
(133, '126', 'MOLDE PARA CUPCAKES 24 UN 15 X 10 X 1,4 X 3,4 CM ', 'PRÁCTICOS E INDISPENSABLES PARA ACOMPAÑARTE JUNTO A TODAS TUS PREPARACIONES EN LA LINEA DE REPOSTERÍA Y PANADERÍA', '', 34000, 'UN', 5, 'NORMAL', 2, 25, 0, 5, NULL, NULL, NULL, NULL, NULL, NULL, '0'),
(134, '127', 'MOLDE REDONDO ANTIADHERENTE 22X3.5 CM', 'PRÁCTICOS E INDISPENSABLES PARA ACOMPAÑARTE JUNTO A TODAS TUS PREPARACIONES EN LA LINEA DE REPOSTERÍA Y PANADERÍA', '', 26000, 'UN', 3, 'NORMAL', 2, 25, 0, 3, NULL, NULL, NULL, NULL, NULL, NULL, '0'),
(135, '128', 'MOLDE DE SILICONA PARA CUPCAKES 12 UN 30 X 19.5 X 2 CM ', 'PRÁCTICOS E INDISPENSABLES PARA ACOMPAÑARTE JUNTO A TODAS TUS PREPARACIONES EN LA LINEA DE REPOSTERÍA Y PANADERÍA', '', 33000, 'UN', 4, 'NORMAL', 2, 25, 0, 4, NULL, NULL, NULL, NULL, NULL, NULL, '0'),
(136, '129', ' MOLDE FLORA ANTIADHERENTE 27 X 5,5 CM ', 'PRÁCTICOS E INDISPENSABLES PARA ACOMPAÑARTE JUNTO A TODAS TUS PREPARACIONES EN LA LINEA DE REPOSTERÍA Y PANADERÍA', '', 21500, 'UN', 3, 'NORMAL', 2, 25, 0, 3, NULL, NULL, NULL, NULL, NULL, NULL, '0'),
(137, '130', 'PEINES WILTON JUEGO X 3 ', 'PRÁCTICOS E INDISPENSABLES PARA ACOMPAÑARTE JUNTO A TODAS TUS PREPARACIONES EN LA LINEA DE REPOSTERÍA Y PANADERÍA', '', 95000, 'UN', 2, 'NORMAL', 2, 25, 0, 2, NULL, NULL, NULL, NULL, NULL, NULL, '0'),
(138, '131', 'MESA METÁLICA ', 'PRÁCTICOS E INDISPENSABLES PARA ACOMPAÑARTE JUNTO A TODAS TUS PREPARACIONES EN LA LINEA DE REPOSTERÍA Y PANADERÍA', '', 42000, 'UN', 4, 'NORMAL', 2, 25, 0, 4, NULL, NULL, NULL, NULL, NULL, NULL, '0'),
(139, '132', 'MESA EN PVC ', 'PRÁCTICOS E INDISPENSABLES PARA ACOMPAÑARTE JUNTO A TODAS TUS PREPARACIONES EN LA LINEA DE REPOSTERÍA Y PANADERÍA', '', 30000, 'UN', 3, 'NORMAL', 2, 25, 0, 3, NULL, NULL, NULL, NULL, NULL, NULL, '0'),
(140, '133', 'MESA EN PVC ', 'PRÁCTICOS E INDISPENSABLES PARA ACOMPAÑARTE JUNTO A TODAS TUS PREPARACIONES EN LA LINEA DE REPOSTERÍA Y PANADERÍA', '', 30000, 'UN', 4, 'NORMAL', 2, 25, 0, 4, NULL, NULL, NULL, NULL, NULL, NULL, '0'),
(141, '134', 'MESA EN PVC ', 'PRÁCTICOS E INDISPENSABLES PARA ACOMPAÑARTE JUNTO A TODAS TUS PREPARACIONES EN LA LINEA DE REPOSTERÍA Y PANADERÍA', '', 30000, 'UN', 3, 'NORMAL', 2, 25, 0, 3, NULL, NULL, NULL, NULL, NULL, NULL, '0'),
(142, '135', 'TORRE PVC TRES PISOS ', 'PRÁCTICOS E INDISPENSABLES PARA ACOMPAÑARTE JUNTO A TODAS TUS PREPARACIONES EN LA LINEA DE REPOSTERÍA Y PANADERÍA', '', 35000, 'UN', 2, 'NORMAL', 2, 25, 0, 2, NULL, NULL, NULL, NULL, NULL, NULL, '0'),
(143, '136', 'TORRE TRES PISOS PLÁSTICA  ', 'PRÁCTICOS E INDISPENSABLES PARA ACOMPAÑARTE JUNTO A TODAS TUS PREPARACIONES EN LA LINEA DE REPOSTERÍA Y PANADERÍA', '', 40000, 'UN', 4, 'NORMAL', 2, 25, 0, 4, NULL, NULL, NULL, NULL, NULL, NULL, '0'),
(144, '137', 'BAILARINA NIQUELADA DOBLE PLATO ', 'PRÁCTICOS E INDISPENSABLES PARA ACOMPAÑARTE JUNTO A TODAS TUS PREPARACIONES EN LA LINEA DE REPOSTERÍA Y PANADERÍA', '', 135000, 'UN', 5, 'NORMAL', 2, 25, 0, 5, NULL, NULL, NULL, NULL, NULL, NULL, '0'),
(145, '138', 'BAILARINA DE VIDRIO ', 'PRÁCTICOS E INDISPENSABLES PARA ACOMPAÑARTE JUNTO A TODAS TUS PREPARACIONES EN LA LINEA DE REPOSTERÍA Y PANADERÍA', '', 80000, 'UN', 5, 'NORMAL', 2, 25, 0, 5, NULL, NULL, NULL, NULL, NULL, NULL, '0'),
(146, '139', 'BAILARINA ACERO DOBLE PLATO ', 'PRÁCTICOS E INDISPENSABLES PARA ACOMPAÑARTE JUNTO A TODAS TUS PREPARACIONES EN LA LINEA DE REPOSTERÍA Y PANADERÍA', '', 148000, 'UN', 3, 'NORMAL', 2, 25, 0, 3, NULL, NULL, NULL, NULL, NULL, NULL, '0'),
(147, '140', 'BAILARINA PLATEADA ', 'PRÁCTICOS E INDISPENSABLES PARA ACOMPAÑARTE JUNTO A TODAS TUS PREPARACIONES EN LA LINEA DE REPOSTERÍA Y PANADERÍA', '', 120000, 'UN', 3, 'NORMAL', 2, 25, 0, 4, NULL, NULL, NULL, NULL, NULL, NULL, '0'),
(148, '141', 'MOLDE SILICONA PARA PALETAS', 'PRÁCTICOS E INDISPENSABLES PARA ACOMPAÑARTE JUNTO A TODAS TUS PREPARACIONES EN LA LINEA DE REPOSTERÍA Y PANADERÍA', '', 35000, 'UN', 3, 'NORMAL', 2, 25, 0, 3, NULL, NULL, NULL, NULL, NULL, NULL, '0'),
(149, '142', 'MOLDE ANTIADHERENTE PARA BROWNIES', 'PRÁCTICOS E INDISPENSABLES PARA ACOMPAÑARTE JUNTO A TODAS TUS PREPARACIONES EN LA LINEA DE REPOSTERÍA Y PANADERÍA', '', 42000, 'UN', 1, 'NORMAL', 2, 25, 0, 2, NULL, NULL, NULL, NULL, NULL, NULL, '0'),
(150, '143', ' JUEGOS CORTADORES CIRCULARES X 5', 'PRÁCTICOS E INDISPENSABLES PARA ACOMPAÑARTE JUNTO A TODAS TUS PREPARACIONES EN LA LINEA DE REPOSTERÍA Y PANADERÍA', '', 8500, 'UN', 4, 'NORMAL', 2, 25, 0, 4, NULL, NULL, NULL, NULL, NULL, NULL, '0'),
(151, '144', ' JUEGOS CORTADORES CUADRADOS X 5', 'PRÁCTICOS E INDISPENSABLES PARA ACOMPAÑARTE JUNTO A TODAS TUS PREPARACIONES EN LA LINEA DE REPOSTERÍA Y PANADERÍA', '', 8500, 'UN', 3, 'NORMAL', 2, 25, 0, 3, NULL, NULL, NULL, NULL, NULL, NULL, '0'),
(152, '145', 'RASPAS DE SILICÓN', 'PRÁCTICOS E INDISPENSABLES PARA ACOMPAÑARTE JUNTO A TODAS TUS PREPARACIONES EN LA LINEA DE REPOSTERÍA Y PANADERÍA', '', 15000, 'UN', 2, 'NORMAL', 2, 25, 0, 4, NULL, NULL, NULL, NULL, NULL, NULL, '0'),
(153, '146', 'PEINES WILTON JUEGO PEQUEÑOSX 3 ', 'PRÁCTICOS E INDISPENSABLES PARA ACOMPAÑARTE JUNTO A TODAS TUS PREPARACIONES EN LA LINEA DE REPOSTERÍA Y PANADERÍA', '', 65000, 'UN', 3, 'NORMAL', 2, 25, 0, 3, NULL, NULL, NULL, NULL, NULL, NULL, '0'),
(154, '147', 'RASPAS ACRÍLICAS DOBLES ', 'PRÁCTICOS E INDISPENSABLES PARA ACOMPAÑARTE JUNTO A TODAS TUS PREPARACIONES EN LA LINEA DE REPOSTERÍA Y PANADERÍA', '', 18000, 'UN', 2, 'NORMAL', 2, 25, 0, 2, NULL, NULL, NULL, NULL, NULL, NULL, '0'),
(155, '148', 'RASPAS ACRÍLICAS DOBLES ', 'PRÁCTICOS E INDISPENSABLES PARA ACOMPAÑARTE JUNTO A TODAS TUS PREPARACIONES EN LA LINEA DE REPOSTERÍA Y PANADERÍA', '', 18000, 'UN', 3, 'NORMAL', 2, 25, 0, 4, NULL, NULL, NULL, NULL, NULL, NULL, '0'),
(156, '149', 'PEINE PLÁSTICO ', 'PRÁCTICOS E INDISPENSABLES PARA ACOMPAÑARTE JUNTO A TODAS TUS PREPARACIONES EN LA LINEA DE REPOSTERÍA Y PANADERÍA', '', 3000, 'UN', 2, 'NORMAL', 2, 25, 0, 5, NULL, NULL, NULL, NULL, NULL, NULL, '0'),
(157, '150', 'RASPA PLÁSTICA ', 'PRÁCTICOS E INDISPENSABLES PARA ACOMPAÑARTE JUNTO A TODAS TUS PREPARACIONES EN LA LINEA DE REPOSTERÍA Y PANADERÍA', '', 2500, 'UN', 5, 'NORMAL', 2, 25, 0, 5, NULL, NULL, NULL, NULL, NULL, NULL, '0'),
(158, '151', 'TAPETE DE SILICÓN ', 'PRÁCTICOS E INDISPENSABLES PARA ACOMPAÑARTE JUNTO A TODAS TUS PREPARACIONES EN LA LINEA DE REPOSTERÍA Y PANADERÍA', '', 28000, 'UN', 4, 'NORMAL', 2, 25, 0, 3, NULL, NULL, NULL, NULL, NULL, NULL, '0'),
(159, '152', 'JUEGO DE ACOPLES GRANDES ', 'PRÁCTICOS E INDISPENSABLES PARA ACOMPAÑARTE JUNTO A TODAS TUS PREPARACIONES EN LA LINEA DE REPOSTERÍA Y PANADERÍA', '', 5000, 'UN', 3, 'NORMAL', 2, 25, 0, 3, NULL, NULL, NULL, NULL, NULL, NULL, '0'),
(160, '153', 'JUEGO DE ACOPLES PEQUEÑOS', 'PRÁCTICOS E INDISPENSABLES PARA ACOMPAÑARTE JUNTO A TODAS TUS PREPARACIONES EN LA LINEA DE REPOSTERÍA Y PANADERÍA', '', 2000, 'UN', 2, 'NORMAL', 2, 25, 0, 2, NULL, NULL, NULL, NULL, NULL, NULL, '0'),
(161, '154', 'MISERABLE GRANDE', 'PRÁCTICOS E INDISPENSABLES PARA ACOMPAÑARTE JUNTO A TODAS TUS PREPARACIONES EN LA LINEA DE REPOSTERÍA Y PANADERÍA', '', 16000, 'UN', 4, 'NORMAL', 2, 25, 0, 4, NULL, NULL, NULL, NULL, NULL, NULL, '0'),
(162, '155', 'MISERABLE MEDIANO', 'PRÁCTICOS E INDISPENSABLES PARA ACOMPAÑARTE JUNTO A TODAS TUS PREPARACIONES EN LA LINEA DE REPOSTERÍA Y PANADERÍA', '', 14000, 'UN', 3, 'NORMAL', 2, 25, 0, 3, NULL, NULL, NULL, NULL, NULL, NULL, '0'),
(163, '156', 'MISERABLE PEQUEÑO', 'PRÁCTICOS E INDISPENSABLES PARA ACOMPAÑARTE JUNTO A TODAS TUS PREPARACIONES EN LA LINEA DE REPOSTERÍA Y PANADERÍA', '', 6500, 'UN', 3, 'NORMAL', 2, 25, 0, 4, NULL, NULL, NULL, NULL, NULL, NULL, '0'),
(164, '157', 'RODILLO 48 X 3', 'PRÁCTICOS E INDISPENSABLES PARA ACOMPAÑARTE JUNTO A TODAS TUS PREPARACIONES EN LA LINEA DE REPOSTERÍA Y PANADERÍA', '', 65000, 'UN', 5, 'NORMAL', 2, 25, 0, 3, NULL, NULL, NULL, NULL, NULL, NULL, '0'),
(165, '158', 'RODILLO 48 X 2', 'PRÁCTICOS E INDISPENSABLES PARA ACOMPAÑARTE JUNTO A TODAS TUS PREPARACIONES EN LA LINEA DE REPOSTERÍA Y PANADERÍA', '', 55000, 'UN', 4, 'NORMAL', 2, 25, 0, 2, NULL, NULL, NULL, NULL, NULL, NULL, '0'),
(166, '159', 'RODILLO 40 X 3', 'PRÁCTICOS E INDISPENSABLES PARA ACOMPAÑARTE JUNTO A TODAS TUS PREPARACIONES EN LA LINEA DE REPOSTERÍA Y PANADERÍA', '', 62000, 'UN', 3, 'NORMAL', 2, 25, 0, 4, NULL, NULL, NULL, NULL, NULL, NULL, '0'),
(167, '160', 'RODILLO 35 X 3', 'PRÁCTICOS E INDISPENSABLES PARA ACOMPAÑARTE JUNTO A TODAS TUS PREPARACIONES EN LA LINEA DE REPOSTERÍA Y PANADERÍA', '', 58000, 'UN', 3, 'NORMAL', 2, 25, 0, 5, NULL, NULL, NULL, NULL, NULL, NULL, '0'),
(168, '161', 'RODILLO 30 X 2', 'PRÁCTICOS E INDISPENSABLES PARA ACOMPAÑARTE JUNTO A TODAS TUS PREPARACIONES EN LA LINEA DE REPOSTERÍA Y PANADERÍA', '', 45000, 'UN', 4, 'NORMAL', 2, 25, 0, 5, NULL, NULL, NULL, NULL, NULL, NULL, '0'),
(169, '162', 'RODILLO 20 X 2', 'PRÁCTICOS E INDISPENSABLES PARA ACOMPAÑARTE JUNTO A TODAS TUS PREPARACIONES EN LA LINEA DE REPOSTERÍA Y PANADERÍA', '', 42000, 'UN', 3, 'NORMAL', 2, 25, 0, 3, NULL, NULL, NULL, NULL, NULL, NULL, '0'),
(170, '163', 'TOPPERS MADERA FELIZ CUMPLEAÑOS', 'PRÁCTICOS E INDISPENSABLES PARA ACOMPAÑARTE JUNTO A TODAS TUS PREPARACIONES EN LA LINEA DE REPOSTERÍA Y PANADERÍA', '', 8000, 'UN', 3, 'NORMAL', 2, 25, 0, 4, NULL, NULL, NULL, NULL, NULL, NULL, '0'),
(171, '164', 'TOPPERS MADERA FELIZ CUMPLEAÑOS', 'PRÁCTICOS E INDISPENSABLES PARA ACOMPAÑARTE JUNTO A TODAS TUS PREPARACIONES EN LA LINEA DE REPOSTERÍA Y PANADERÍA', '', 8000, 'UN', 2, 'NORMAL', 2, 25, 0, 3, NULL, NULL, NULL, NULL, NULL, NULL, '0'),
(172, '165', 'TOPPERS MADERA FELIZ CUMPLEAÑOS', 'PRÁCTICOS E INDISPENSABLES PARA ACOMPAÑARTE JUNTO A TODAS TUS PREPARACIONES EN LA LINEA DE REPOSTERÍA Y PANADERÍA', '', 8000, 'UN', 5, 'NORMAL', 2, 25, 0, 2, NULL, NULL, NULL, NULL, NULL, NULL, '0'),
(173, '166', 'TOPPERS MADERA FELIZ CUMPLEAÑOS', 'PRÁCTICOS E INDISPENSABLES PARA ACOMPAÑARTE JUNTO A TODAS TUS PREPARACIONES EN LA LINEA DE REPOSTERÍA Y PANADERÍA', '', 8000, 'UN', 3, 'NORMAL', 2, 25, 0, 4, NULL, NULL, NULL, NULL, NULL, NULL, '0'),
(174, '167', 'TOPPERS MADERA FELIZ CUMPLEAÑOS', 'PRÁCTICOS E INDISPENSABLES PARA ACOMPAÑARTE JUNTO A TODAS TUS PREPARACIONES EN LA LINEA DE REPOSTERÍA Y PANADERÍA', '', 8000, 'UN', 4, 'NORMAL', 2, 25, 0, 3, NULL, NULL, NULL, NULL, NULL, NULL, '0'),
(175, '168', 'TOPPERS MADERA FELIZ CUMPLEAÑOS', 'PRÁCTICOS E INDISPENSABLES PARA ACOMPAÑARTE JUNTO A TODAS TUS PREPARACIONES EN LA LINEA DE REPOSTERÍA Y PANADERÍA', '', 8000, 'UN', 5, 'NORMAL', 2, 25, 0, 4, NULL, NULL, NULL, NULL, NULL, NULL, '0'),
(176, '169', 'TOPPERS MADERA 15 AÑOS', 'PRÁCTICOS E INDISPENSABLES PARA ACOMPAÑARTE JUNTO A TODAS TUS PREPARACIONES EN LA LINEA DE REPOSTERÍA Y PANADERÍA', '', 8000, 'UN', 3, 'NORMAL', 2, 25, 0, 3, NULL, NULL, NULL, NULL, NULL, NULL, '0'),
(177, '170', 'TOPPERS MADERA 15 AÑOS', 'PRÁCTICOS E INDISPENSABLES PARA ACOMPAÑARTE JUNTO A TODAS TUS PREPARACIONES EN LA LINEA DE REPOSTERÍA Y PANADERÍA', '', 8000, 'UN', 4, 'NORMAL', 2, 25, 0, 2, NULL, NULL, NULL, NULL, NULL, NULL, '0'),
(178, '171', 'TOPPERS MADERA MI GRADO ', 'PRÁCTICOS E INDISPENSABLES PARA ACOMPAÑARTE JUNTO A TODAS TUS PREPARACIONES EN LA LINEA DE REPOSTERÍA Y PANADERÍA', '', 8000, 'UN', 5, 'NORMAL', 2, 25, 0, 4, NULL, NULL, NULL, NULL, NULL, NULL, '0'),
(179, '172', 'TOPPERS MADERA NUESTRA BODA', 'PRÁCTICOS E INDISPENSABLES PARA ACOMPAÑARTE JUNTO A TODAS TUS PREPARACIONES EN LA LINEA DE REPOSTERÍA Y PANADERÍA', '', 8000, 'UN', 5, 'NORMAL', 2, 25, 0, 5, NULL, NULL, NULL, NULL, NULL, NULL, '0'),
(180, '173', 'TOPPERS MADERA TE QUIERO', 'PRÁCTICOS E INDISPENSABLES PARA ACOMPAÑARTE JUNTO A TODAS TUS PREPARACIONES EN LA LINEA DE REPOSTERÍA Y PANADERÍA', '', 8000, 'UN', 3, 'NORMAL', 2, 25, 0, 5, NULL, NULL, NULL, NULL, NULL, NULL, '0'),
(181, '174', 'TOPPERS MADERA TE QUIERO', 'PRÁCTICOS E INDISPENSABLES PARA ACOMPAÑARTE JUNTO A TODAS TUS PREPARACIONES EN LA LINEA DE REPOSTERÍA Y PANADERÍA', '', 8000, 'UN', 4, 'NORMAL', 2, 25, 0, 3, NULL, NULL, NULL, NULL, NULL, NULL, '0'),
(182, '175', 'TOPPERS MADERA FELIZ DIA', 'PRÁCTICOS E INDISPENSABLES PARA ACOMPAÑARTE JUNTO A TODAS TUS PREPARACIONES EN LA LINEA DE REPOSTERÍA Y PANADERÍA', '', 8000, 'UN', 3, 'NORMAL', 2, 25, 0, 4, NULL, NULL, NULL, NULL, NULL, NULL, '0'),
(183, '176', 'TOPPERS MADERA TE AMO', 'PRÁCTICOS E INDISPENSABLES PARA ACOMPAÑARTE JUNTO A TODAS TUS PREPARACIONES EN LA LINEA DE REPOSTERÍA Y PANADERÍA', '', 8000, 'UN', 4, 'NORMAL', 2, 25, 0, 2, NULL, NULL, NULL, NULL, NULL, NULL, '0'),
(184, '177', 'TOPPERS MADERA FELIZ CUMPLEAÑOS', 'PRÁCTICOS E INDISPENSABLES PARA ACOMPAÑARTE JUNTO A TODAS TUS PREPARACIONES EN LA LINEA DE REPOSTERÍA Y PANADERÍA', '', 8000, 'UN', 4, 'NORMAL', 2, 25, 0, 3, NULL, NULL, NULL, NULL, NULL, NULL, '0'),
(185, '178', 'TOPPERS MADERA FELIZ ANIVERSARIO', 'PRÁCTICOS E INDISPENSABLES PARA ACOMPAÑARTE JUNTO A TODAS TUS PREPARACIONES EN LA LINEA DE REPOSTERÍA Y PANADERÍA', '', 8000, 'UN', 3, 'NORMAL', 2, 25, 0, 4, NULL, NULL, NULL, NULL, NULL, NULL, '0'),
(186, '179', 'TOPPERS MADERA FELIZ ANIVERSARIO', 'PRÁCTICOS E INDISPENSABLES PARA ACOMPAÑARTE JUNTO A TODAS TUS PREPARACIONES EN LA LINEA DE REPOSTERÍA Y PANADERÍA', '', 8000, 'UN', 2, 'NORMAL', 2, 25, 0, 3, NULL, NULL, NULL, NULL, NULL, NULL, '0'),
(187, '180', 'TOPPERS MADERA FELIZ ANIVERSARIO', 'PRÁCTICOS E INDISPENSABLES PARA ACOMPAÑARTE JUNTO A TODAS TUS PREPARACIONES EN LA LINEA DE REPOSTERÍA Y PANADERÍA', '', 8000, 'UN', 4, 'NORMAL', 2, 25, 0, 2, NULL, NULL, NULL, NULL, NULL, NULL, '0'),
(188, '181', 'TOPPERS MADERA FELIZ MI BAUTIZO', 'PRÁCTICOS E INDISPENSABLES PARA ACOMPAÑARTE JUNTO A TODAS TUS PREPARACIONES EN LA LINEA DE REPOSTERÍA Y PANADERÍA', '', 8000, 'UN', 3, 'NORMAL', 2, 25, 0, 4, NULL, NULL, NULL, NULL, NULL, NULL, '0'),
(189, '182', 'TOPPERS ACRÍLICO LOVE', 'PRÁCTICOS E INDISPENSABLES PARA ACOMPAÑARTE JUNTO A TODAS TUS PREPARACIONES EN LA LINEA DE REPOSTERÍA Y PANADERÍA', '', 17000, 'UN', 2, 'NORMAL', 2, 25, 0, 5, NULL, NULL, NULL, NULL, NULL, NULL, '0'),
(190, '183', 'TOPPERS ACRÍLICO FELIZ CUMPLEAÑOS', 'PRÁCTICOS E INDISPENSABLES PARA ACOMPAÑARTE JUNTO A TODAS TUS PREPARACIONES EN LA LINEA DE REPOSTERÍA Y PANADERÍA', '', 17000, 'UN', 4, 'NORMAL', 2, 25, 0, 5, NULL, NULL, NULL, NULL, NULL, NULL, '0'),
(191, '184', 'JUEGO DE MOLDES BAJOS', 'PRÁCTICOS E INDISPENSABLES PARA ACOMPAÑARTE JUNTO A TODAS TUS PREPARACIONES EN LA LINEA DE REPOSTERÍA Y PANADERÍA', '', 46000, 'UND', 3, 'NORMAL', 2, 25, 0, 3, NULL, NULL, NULL, NULL, NULL, NULL, '0'),
(192, '185', 'MOLDE MINI CUP CAKES', 'PRÁCTICOS E INDISPENSABLES PARA ACOMPAÑARTE JUNTO A TODAS TUS PREPARACIONES EN LA LINEA DE REPOSTERÍA Y PANADERÍA', '', 34000, 'UND', 4, 'NORMAL', 2, 25, 0, 4, NULL, NULL, NULL, NULL, NULL, NULL, '0'),
(193, '186', 'MOLDE CON ARO DESMONTABLE PRESS', 'PRÁCTICOS E INDISPENSABLES PARA ACOMPAÑARTE JUNTO A TODAS TUS PREPARACIONES EN LA LINEA DE REPOSTERÍA Y PANADERÍA', '', 42000, 'UND', 3, 'NUEVO', 2, 25, 0, 3, NULL, NULL, NULL, NULL, NULL, NULL, '0'),
(194, '187', 'GRAMERA DIGITAL', 'PRÁCTICOS E INDISPENSABLES PARA ACOMPAÑARTE JUNTO A TODAS TUS PREPARACIONES EN LA LINEA DE REPOSTERÍA Y PANADERÍA', '', 30000, 'UND', 2, 'NORMAL', 2, 25, 0, 2, NULL, NULL, NULL, NULL, NULL, NULL, '0'),
(195, '188', 'TOPPERS ACRÍLICO', 'PRÁCTICOS E INDISPENSABLES PARA ACOMPAÑARTE JUNTO A TODAS TUS PREPARACIONES EN LA LINEA DE REPOSTERÍA Y PANADERÍA', '', 17000, 'UND', 4, 'NORMAL', 2, 25, 0, 4, NULL, NULL, NULL, NULL, NULL, NULL, '0'),
(196, '189', 'JUEGO DE BOQUILLAS', 'PRÁCTICOS E INDISPENSABLES PARA ACOMPAÑARTE JUNTO A TODAS TUS PREPARACIONES EN LA LINEA DE REPOSTERÍA Y PANADERÍA', '', 165000, 'UND', 3, 'NORMAL', 2, 25, 0, 3, NULL, NULL, NULL, NULL, NULL, NULL, '0'),
(197, '190', 'ALISADOR DE FONDANT', 'PRÁCTICOS E INDISPENSABLES PARA ACOMPAÑARTE JUNTO A TODAS TUS PREPARACIONES EN LA LINEA DE REPOSTERÍA Y PANADERÍA', '', 9000, 'UND', 4, 'NORMAL', 2, 25, 0, 4, NULL, NULL, NULL, NULL, NULL, NULL, '0'),
(198, '191', 'MOLDE PAN TAJADO 27 X 15 PRESS', 'PRÁCTICOS E INDISPENSABLES PARA ACOMPAÑARTE JUNTO A TODAS TUS PREPARACIONES EN LA LINEA DE REPOSTERÍA Y PANADERÍA', '', 26000, 'UND', 3, 'NUEVO', 2, 25, 0, 3, NULL, NULL, NULL, NULL, NULL, NULL, '0'),
(199, '192', 'PORCIONADOR DE TORTA ', 'PRÁCTICOS E INDISPENSABLES PARA ACOMPAÑARTE JUNTO A TODAS TUS PREPARACIONES EN LA LINEA DE REPOSTERÍA Y PANADERÍA', '', 18000, 'UND', 2, 'NORMAL', 2, 25, 0, 2, NULL, NULL, NULL, NULL, NULL, NULL, '0'),
(200, '193', 'AMAPOLA SEMILLA', '', '*ÁCIDOS GRASOS SALUDABLES*MINERALES*BUENA PARA LA SALUD DEL CORAZÓN*AYUDAN A REFORZAR LAS DEFENSAS*VITAMINAS*FIBRA*OMEGA-3 Y OMEGA-6', 90, 'gr', 5, 'NUEVO', 3, 26, 0, 5, 75, 3000, 1750, 25000, NULL, NULL, '0'),
(201, '194', 'CALABAZA SEMILLAS', '', '*SON ALIADAS PARA COMBATIR LA DIABETES*TIENE GRASAS SALUDABLES Y ANTIOXIDANTES*OMEGA-3*AYUDAN A FORTALECER EL SISTEMA INMUNOLÓGICO*ANTIINFLAMATORIO*AYUDAN A TENER UN SUEÑO REPARADOR*BUENA PARA LA SALUD DEL CORAZÓN*AYUDAN A TENER UNA PRÓSTATA SALUDABLE', 90, 'gr', 4, 'NORMAL', 3, 26, 0, 4, 75, 3000, 680, 10000, NULL, NULL, '0'),
(202, '195', 'CHIA', '', '*MEJORA LOS NIVELES DE AZÚCAR EN LA SANGRE*EXCELENTE FUENTE DE FIBRA Y ANTIOXIDANTE*AYUDAN A LA DIGESTIÓN*RICAS EN CALCIO PROTEÍNAS Y ÁCIDOS GRASOS OMEGA 3*REDUCE LOS ANTOJOS*REFUERZA LA RESISTENCIA', 30, 'gr', 5, 'NORMAL', 3, 26, 0, 5, 25, 3000, 550, 25000, NULL, NULL, '0'),
(203, '196', 'AJONJOLI BLANCO', '', '*EXCELENTE FUENTE DE MINERALES*MEJORA LA SALUD ÓSEA*COMBATEN SINTOMAS PREMESTRUALES*REDUCE INFLAMACIÓN*AYUDAN A DISMINUIR EL COLESTEROL MALO*PROTEGEN CÉLULAS DEL COLON', 17, 'gr', 3, 'NUEVO', 3, 26, 0, 3, 16, 3000, 375, 25000, NULL, NULL, '0'),
(204, '197', 'AJONJOLI NEGRO', '', '*EXCELENTE FUENTE DE MINERALES*MEJORA LA SALUD ÓSEA*COMBATEN SINTOMAS PREMESTRUALES*REDUCE INFLAMACIÓN*AYUDAN A DISMINUIR EL COLESTEROL MALO*PROTEGEN CÉLULAS DEL COLON', 17, 'gr', 2, 'NORMAL', 3, 26, 0, 2, 16, 3000, 375, 25000, NULL, NULL, '0'),
(205, '198', 'QUINUA ', '', '*ANTI CANCERÍGENO*MEJORA LA PIEL*AYUDA A ADELGAZAR*REDUCE EL COLESTEROL*ANTIINFLAMATORIO*FUENTE DE VITAMINAS*MEJORA EL SUEÑO*RICA EN FIBRA', 20, 'gr', 4, 'NORMAL', 3, 26, 0, 4, 18, 3000, 375, 25000, NULL, NULL, '0'),
(206, '199', 'LINAZA ENTERA ', '', '*MEJORA LA DIGESTIÓN*AYUDA A ADELGAZAR*REDUCE EL COLESTEROL*RICO EN OMEGA 3*REGÚLA EL AZÚCAR EN LA SANGRE*PROTEGE EL CORAZÓN', 10, 'gr', 3, 'NUEVO', 3, 26, 0, 3, 9, 3000, 212.5, 25000, NULL, NULL, '0'),
(207, '200', 'GIRASOL', '', '*ANTICANCERÍGENO*IDEAL PARA EMBARAZO*REDUCE LA FATIGA*RICA EN MINERALES*FORTALECE LOS HUESOS*PREVIENE ENFERMEDADES*MEJORA EL FUNCIONAMIENTO CEREBRAL*FORTALECE EL SISTEMA INMUNOLÓGICO', 30, 'gr', 4, 'NORMAL', 3, 26, 0, 2, 28, 3000, 550, 25000, NULL, NULL, '0'),
(208, '201', 'CÁÑAMO', '', '*RICA EN OMEGA 3 Y 6*ALIVIA PROBLEMAS DE LA PIEL *MEJORA LA DIGESTIÓN*REDUCE SÍNTOMAS PREMENSTRUALES Y MENOPAÚSICOS*PROTEÍNAS*VITAMINAS A,B,C,D,E Y GRUPO B', 200, 'gr', 5, 'NORMAL', 3, 26, 0, 3, NULL, NULL, NULL, NULL, NULL, NULL, '0');
INSERT INTO `articulos` (`id`, `codigo`, `nombre`, `descripcion`, `lista`, `precio`, `embalaje`, `clasificacion`, `categoria`, `idgrupo`, `idsubgrupo`, `idmarca`, `rank`, `dcto1`, `cant_dcto1`, `dcto2`, `cant_dcto2`, `dcto3`, `cant_dcto3`, `img`) VALUES
(209, '202', 'SANDIA ', 'SON UNA FUENTE DE ENERGÍA IMPORTANTE. SE TRATA DE UN ALIMENTO RECOMENDADO PARA PERSONAS QUE DESARROLLAN UNA ALTA ACTIVIDAD FÍSICA, AL TIEMPO QUE SON RICAS EN PROTEÍNAS, QUE PERMITEN EL DESARROLLO MUSCULAR Y LA REGENERACIÓN DE TEJIDOS.', '', 40, 'gr', 4, '', 3, 26, 0, 4, 38, 3000, NULL, NULL, NULL, NULL, '0'),
(454, '203', 'AMARANTO', '', '*ALTO CONTENIDO DE HIERRO Y LISINA*FORTALECE EL SISTEMA ÓSEO*EXCELENTE FUENTE DE PROTEÍNA VEGETAL*ALTO CONTENIDO DE POTASIO Y FOSFATO*FORTALECE LA SALUD PULMONAR*FUENTE DE ÁCIDO FÓLICO', 70, 'gr', 5, '', 3, 26, 0, 3, 68, 3000, 600, 10000, NULL, NULL, '0'),
(455, '204', 'ACEITE DE AJONJOLI X 250 ML', '', '*ALIVIA LA HEPATITI*SALIVIA LA MIGRAÑA*PREVIENE LA DIABETES*AFRODISIACO*AYUDA AL SISTEMA INMUNOLÓGICO', 35000, 'und', 3, 'NUEVO', 4, 31, 0, 3, NULL, NULL, NULL, NULL, NULL, NULL, '0'),
(456, '205', 'ACEITE DE ALMENDRAS X 200 ML', '', '*ANTIOXIDANTE PARA LA PIEL*ANTINFLAMATORIO*AYUDA A LA CIRCULACIÓN*AYUDA A EL ESTREÑIMIENTO*AYUDA A LA DIABETES', 30000, 'und', 5, 'NORMAL', 4, 31, 0, 5, NULL, NULL, NULL, NULL, NULL, NULL, '0'),
(457, '206', 'ACEITE DE COCO X 1000', '', '*AYUDA AL SISTEMA INMUNOLÓGICO*AYUDA A LA GASTRITIS*AYUDA AL COLON*AYUDA A LA PÉRDIDA DE PESO*PREVIENE LA DIABETES*LIMPIA, HIDRATA, NUTRE Y REJUVENECE.', 88000, 'und', 4, 'NORMAL', 4, 31, 0, 4, NULL, NULL, NULL, NULL, NULL, NULL, '0'),
(458, '207', 'ACEITE DE LINAZA X 250 ML', '', '*ANTINFLAMATORIO*CONTROLA LA PRESIÓN ARTERIAL*EXCELENTE PARA EL CEREBRO*PREVIENE EL CÁNCER*ALIVIA LA DIABETES', 35000, 'und', 3, 'NUEVO', 4, 31, 0, 3, NULL, NULL, NULL, NULL, NULL, NULL, '0'),
(459, '208', 'ACEITE DE MACADAMIA x 250ml', '', '*AYUDA AL SISTEMA CARDIOVASCULAR*EXCELENTE QUEMADOR DE GRASA*ANTIOXIDANTE PARA LA PIEL', 38000, 'und', 3, 'NORMAL', 4, 31, 0, 3, NULL, NULL, NULL, NULL, NULL, NULL, '0'),
(460, '209', 'OLIVA', '', '*ELEVA LOS NIVELES DE COLESTEROL HDL (BUENO)*DISMINUYE EL COLESTEROL LDL C (COLESTEROL MALO)*BENEFICIA EL CONTROL DE LA HIPERTENSIÓN ARTERIAL.', 32000, 'UN', 2, 'NORMAL', 4, 31, 0, 2, NULL, NULL, NULL, NULL, NULL, NULL, '0'),
(461, '210', 'RICINO', '', '*LAXANTE*AYUDA AL CRECIMIENTO DE LAS CEJAS Y PESTAÑAS*ANTIINFLAMATORIO*AYUDA A COMBATIR LA ARTRITIS', 20000, 'UN', 4, 'NORMAL', 4, 31, 0, 4, NULL, NULL, NULL, NULL, NULL, NULL, '0'),
(462, '211', 'SASHA INCHI', '', '*ALTO CONTENIDO DE OMEGA 3 , 6 Y 9 ', 35000, 'UN', 5, 'NORMAL', 4, 31, 0, 5, NULL, NULL, NULL, NULL, NULL, NULL, '0'),
(463, '212', 'MORINGA', '', '*EFECTOS EMOLIENTES*NUTRITIVOS E HIDRATANTES SOBRE LA PIEL RICINO', 125000, 'UN', 5, 'NORMAL', 4, 31, 0, 5, NULL, NULL, NULL, NULL, NULL, NULL, '0'),
(464, '213', 'ACEITE DE AJONJOLI X 250 ML', '', '*ALIVIA LA HEPATITI*SALIVIA LA MIGRAÑA*PREVIENE LA DIABETES*AFRODISIACO*AYUDA AL SISTEMA INMUNOLÓGICO', 35000, 'und', 3, 'NUEVO', 4, 31, 0, 3, NULL, NULL, NULL, NULL, NULL, NULL, '0'),
(465, '214', 'ACEITE DE ALMENDRAS X 200 ML', '', '*ANTIOXIDANTE PARA LA PIEL*ANTINFLAMATORIO*AYUDA A LA CIRCULACIÓN*AYUDA A EL ESTREÑIMIENTO*AYUDA A LA DIABETES', 30000, 'und', 5, 'NORMAL', 4, 31, 0, 5, NULL, NULL, NULL, NULL, NULL, NULL, '0'),
(466, '215', 'ACEITE DE COCO X 1000', '', '*AYUDA AL SISTEMA INMUNOLÓGICO*AYUDA A LA GASTRITIS*AYUDA AL COLON*AYUDA A LA PÉRDIDA DE PESO*PREVIENE LA DIABETES*LIMPIA, HIDRATA, NUTRE Y REJUVENECE.', 88000, 'und', 4, 'NORMAL', 4, 31, 0, 4, NULL, NULL, NULL, NULL, NULL, NULL, '0'),
(467, '216', 'ACEITE DE LINAZA X 250 ML', '', '*ANTINFLAMATORIO*CONTROLA LA PRESIÓN ARTERIAL*EXCELENTE PARA EL CEREBRO*PREVIENE EL CÁNCER*ALIVIA LA DIABETES', 35000, 'und', 3, 'NUEVO', 4, 31, 0, 3, NULL, NULL, NULL, NULL, NULL, NULL, '0'),
(468, '217', 'ACEITE DE MACADAMIA x 250ml', '', '*AYUDA AL SISTEMA CARDIOVASCULAR*EXCELENTE QUEMADOR DE GRASA*ANTIOXIDANTE PARA LA PIEL', 38000, 'und', 3, 'NORMAL', 4, 31, 0, 3, NULL, NULL, NULL, NULL, NULL, NULL, '0'),
(469, '218', 'MORINGA A GRANEL', '', '*APOYA LOS NIVELES NORMALES DE AZÚCAR EN LA SANGRE*PROVEE ENERGIA NATURAL*MEJORA EL FUNCIONAMIENTO DEL HIGADO Y RIÑON*MEJORA LA DIGESTIÓN*MEJORA EL SISTEMA CIRCULATORIO*MEJORA LA PIEL*DISMINUYE EL COLESTEROL', 150, 'gr', 4, 'NUEVO', 5, 28, 0, 4, 142, 3000, NULL, NULL, NULL, NULL, '0'),
(470, '219', 'TE VERDE ', '', '*AYUDA A LA MEMORIA*DISMINUYE EL DETERIORO CAUSADO POR EL ALZAIMER Y EL PARKINSON*BRINDA UN EFECTO RELAJANTE Y TRANQUILIZANTE*EVITA LA CARIES Y ENFERMEDADES DENTALES*FORTALECE LOS HUESOS*AYUDA A COMBATIR CÉLULAS CANCERIGENAS*EVITA LA OBESIDAD*PREVIENE ENFERMEDADES DEL CORAZÓN*REDUCE EL COLESTEROL MALO DE LA SANGRE', 140, 'gr', 3, 'NORMAL', 5, 28, 0, 3, 135, 3000, NULL, NULL, NULL, NULL, '0'),
(471, '220', 'STEVIA EN HOJA', '', '*PODEROSO ANTIOXIDANTE*AYUDA A DISMINUIR NIVELES DE ÁCIDO ÚRICO*MEJORA LA RESISTENCIA FRENTE A GRIPES Y REFRIADOS*BENEFICIOSA PARA PERSONAS HIPERTENSAS*ABSORCIÓN DE GRASAS*CONTRARESTA LA FATIGA Y LOS ESTADO DE ANCIEDAD*REDUCE EL DESEO AL TABACO Y EL ALCOHOL', 80, 'gr', 2, 'NORMAL', 5, 28, 0, 2, 70, 3000, NULL, NULL, NULL, NULL, '0'),
(543, '221', 'MACA PULVERIZADA', '', '*PROMUEVE LA CLARIDAD MENTAL*COMBATE LA DIABETES*AUMENTA LA RESISTENCIA*MEJORA EL BIENESTAR FISICO Y EMOCIANAL*ALIVIA LOS SINTOMAS DE LA MENOPAUSIA*EQUILIBRA LAS HORMONAS*REALZA LA FERTILIDAD*TRATA LA DIFUCIÓN SEXUAL', 90, 'gr', 3, 'NUEVO', 5, 28, 0, 3, 85, 3000, 750, 25000, NULL, NULL, '0'),
(544, '222', 'GINKGO BILOBA MOLIDO', '', '*PROTEGE AL CEREBRO DE ENFERMEDADES NEURODEGENERATIVAS*MEJORA LA CIRCULACIÓN DEL ORGANISMO*CONTRA LA CAIDA DEL PELO*CONCENTRACIÓN APRENDIZAJE MEMORIA', 90, 'gr', 2, 'NORMAL', 5, 28, 0, 2, 85, 3000, NULL, NULL, NULL, NULL, '0'),
(545, '223', 'FLOR DE JAMAICA', '', '*PREVIENE Y COMBATE INFECCIONES RESPIRATORIAS*DESINTOXICANTES*MEJORA LA DIGESTIÓN*ANTIOXIDANTE*CONTIENE VITAMINAS Y MINERALES*LIMPIA EL HIGADO Y LOS RIÑONES*DEPURATIVA*COMBATE LA RESACA', 80, 'gr', 3, 'NORMAL', 5, 28, 0, 3, 70, 3000, NULL, NULL, NULL, NULL, '0'),
(546, '224', 'GARBANZO TOSTADO ', '', '*MUY SALUDABLE PARA EL CORAZÓN*DISMINUYEN EL COLESTEROL*ENERGÉTICOS Y NUTRITIVOS*EXCELENTE FUENTE DE PROTEÍNA VEGETARIANA*MEJORA LA HIPERTENSIÓN', 30, 'gr', 2, 'NORMAL', 5, 28, 0, 2, 29, 3000, 140, 5000, NULL, NULL, '0'),
(547, '225', 'CÚRCUMA   EN  POLVO  ', '', '*PREVIENE EL CÁNCER*ANTIOXIDANTE*ANTIINFLAMATORIO*MEJORA LA DIGESTIÓN Y LOS PROBLEMAS GÁSTRICOS*NIVELA EL AZÚCAR EN LA SANGRE', 70, 'gr', 3, 'NORMAL', 5, 28, 0, 4, 65, 3000, NULL, NULL, NULL, NULL, '0'),
(548, '226', 'GINSENG', '', '*MEJORA EL ESTADO DE ÁNIMO Y EL BIENESTAR*AUMENTA LOS NIVELES DE ENERGÍA*MEJORA EL RENDIMIENTO MENTAL*REDUCE LAS HORMONAS DE ESTRÉS*COMBATE LOS ESTADOS DE CANSANCIO', 300, 'gr', 4, 'NORMAL', 5, 28, 0, 5, 290, 3000, NULL, NULL, NULL, NULL, '0'),
(549, '227', 'ESPIRULINA EN POLVO', '', '*EQUILIBRA GLUCOSA EN LA SANGRE*REDUCE EL COLESTEROL*AYUDA A PREVENIR CÁNCER Y TUMORE*MEJORA EL SISTEMA INMUNOLÓGICO*PROTEÍNA COMPLETA*AYUDA CONTRA LAS ALERGIAS*ALTO EN HIERRO*IDEAL PARA DIETAS VEGETARIANAS', 300, 'gr', 4, 'NORMAL', 5, 28, 0, 4, 290, 3000, NULL, NULL, NULL, NULL, '0'),
(550, '228', 'SAL MARINA ', '', '*ACTIVA LA CIRCULACIÓN*FORTALECE LOS HUESOS*COMBATE EL ASMA*EXFOLIANTE*APOYO A LA SALUD CARDIOVASCULAR*ALIVIA LOS DOLORES MUSCULARES', 35, 'gr', 5, 'NORMAL', 5, 28, 0, 5, 30, 3000, NULL, NULL, NULL, NULL, '0'),
(551, '229', 'FENOGRECO MOLIDO', '', '*DIABETES *AUMENTA EL BUSTO*AYUDA ELIMINAR LA CASPA *CONGESTIÓN PULMONAR*TESTOSTERONA*ANTIBIÓTICO*COMBATE LAS INFECCIONES', 80, 'gr', 3, 'NORMAL', 5, 28, 0, 5, 75, 3000, NULL, NULL, NULL, NULL, '0'),
(552, '230', 'SAL ROSADA DE HIMALAYA', '', '*REGULA EL PH DEL CUERPO*APOYO A LA SALUD CARDIOVASCULAR*MEJORA LOS HÁBITOS DEL SUEÑO*AYUDA A BAJARLA PRESIÓN ARTERIAL*EQUILIBRA LOS NIVELES DE AZÚCAR EN LA SANGRE*PREVIENE LOS CALAMBRES MUSCULARES*DESINTOXICANTE*POTENCIA EL SABOR DE LOS ALIMENTOS', 70, 'gr', 5, 'NORMAL', 5, 28, 0, 3, 65, 3000, NULL, NULL, NULL, NULL, '0'),
(553, '231', 'JENGIBRE EN POLVO', '', '*PREVIENE LA ACIDEZ*MEJORA EL SUEÑO*ANTIGRIPAL*REDUCE LAS NÁUSEAS*PREVIENE LA MIGRAÑA *CALMANTE*REDUCE EL COLESTEROL*ANTIINFLAMATORIO*ANTICANCERÍGENO', 60, 'gr', 5, 'NORMAL', 5, 28, 0, 1, 55, 3000, NULL, NULL, NULL, NULL, '0'),
(554, '232', 'AZAFRÁN ', '', '*AYUDA A ELIMINAR Y A PREVENIR LOS GASES INTESTINALES*CONTRIBUYE A ALIVIAR LOS CALAMBRES, LAS CONTRACTURAS Y LOS ESPASMOS*ANTIINFLAMATORIA*ELIMINA LAS BACTERIAS EN EL ORGANISMO*ANTIOXIDANTE*ALIVIA LOS DOLORES TANTO DE CABEZA, MENSTRUALES Y MUSCULARES*REDUCE EL ESTRÉS, LA ANSIEDAD Y LA DEPRESIÓN', 18, 'gr', 3, 'NORMAL', 5, 28, 0, 4, 16, 3000, NULL, NULL, NULL, NULL, '0'),
(555, '233', 'ACAI', '', '*POTENCIA LA FUNCIÓN SEXUAL*AYUDA A PERDER PESO*MEJORA LA VISIÓN*REFUERZA LAS DEFENSAS*FORTALECE EL SISTEMA NERVIOSO APORTA VITAMINAS Y MINERALES*AYUDA EN LAS DIGESTIONES*RETRASA EL ENVEJECIMIENTO', 300, 'gr', 3, 'NORMAL', 5, 28, 0, 4, 280, 3000, NULL, NULL, NULL, NULL, '0'),
(556, '234', 'GUARANÁ', '', '*PÉRDIDA DE PESO*REDUCIR LA ALTA PRESIÓN ARTERIAL*MEJORA EL RENDIMIENTO DEPORTIVO*POTENCIA SEXUAL*MEMORIA Y CONCENTRACIÓN*EFECTOS ANTIDEPRESIVOS*FATIGA MIGRAÑA Y DOLORES DE CABEZA', 200, 'gr', 4, 'NORMAL', 5, 28, 0, 3, 180, 3000, NULL, NULL, NULL, NULL, '0'),
(557, '235', 'HARINA DE CENTENO ', '', '*PODER PARA AYUDARTE A PERDER PESO*AUMENTANDO LA EFICIENCIA DEL SISTEMA DIGESTIVO*PREVIENE LAS PIEDRAS BILIARES*REDUCE EL RIESGO DE DIABETES*REGULA LA PRESIÓN EN SANGRE', 22000, 'UN', 4, 'NORMAL', 5, 32, 0, 4, NULL, NULL, NULL, NULL, NULL, NULL, '0'),
(558, '236', 'HARINA DE LENTEJA', '', '*BAJO APORTE DE CALORÍAS Y CARBOHIDRATOS*BAJO APORTE DE GRASAS*BUENA FUENTE DE PROTEÍNA, FIBRA HIERRO Y POTASIO*ALTO CONTENIDO DE VITAMINA B6*NATURALMENTE EXENTA DE GLUTEN', 13000, 'UN', 3, 'NORMAL', 5, 32, 0, 3, NULL, NULL, NULL, NULL, NULL, NULL, '0'),
(559, '237', 'HARINA DE SEMOLA', '', '*ALTO CONTENIDO EN VITAMINA K*AYUDA A CUIDAR EL SISTEMA CARDIOVASCULAR Y BENEFICIA LA CIRCULACIÓN.', 18000, 'UN', 2, 'NORMAL', 5, 32, 0, 2, NULL, NULL, NULL, NULL, NULL, NULL, '0'),
(560, '238', 'HARINA DE COCO ', '', '*PRODUCTO 100% NATURAL, ELABORADO A PARTIR DE LA FIBRA DE COCO.*LIBRE DE GLUTEN, IDEAL PARA REEMPLAZAR LAHARINA DE TRIGO.*POR SU ALTO PORCENTAJE DE FIBRA 54 PORCIENTO ES IDEALPARA MEJORAR CONDICIONES DEL SISTEMADIGESTIVO.*GRACIAS A SU DELICIOSO SABOR ES PERFECTA PARATODO TIPO DE RECETAS.', 30000, 'UN', 3, 'NORMAL', 5, 32, 0, 3, NULL, NULL, NULL, NULL, NULL, NULL, '0'),
(561, '239', 'HARINA DE QUINOA', '', 'LA HARINA DE QUINUA TIENE MAYOR CONTENIDO Y CALIDAD PROTEICA QUE OTRAS HARINAS DE CEREALES COMO EL TRIGO Y EL MAÍZ.*CON LA HARINA DE QUINUA PUEDES PREPARAR POSTRES, AREPAS, CREPS, PANCAKES O ADICIONARLA EN LAS SALSAS Y CREMAS PARA DAR MÁS ESPESOR.', 30000, 'UN', 4, 'NORMAL', 5, 32, 0, 4, NULL, NULL, NULL, NULL, NULL, NULL, '0'),
(562, '240', 'HARINA DE GARBANZO ', '', '*ES RICA EN FIBRA*ES UNA EXCELENTE FUENTE DE PROTEÍNAS DE ORIGEN VEGETAL.*APORTA HIDRATOS DE CARBONO DE LIBERACIÓN LENTA.*EN CUANTO A MINERALES CONTIENE, SOBRE TODO, MAGNESIO Y POTASIO.*RESPECTO A VITAMINAS, APORTA ÁCIDO FÓLICO (VITAMINA B9) Y OTRAS *VITAMINAS DEL GRUPO B, EXCEPTO B12.', 18000, 'UN', 3, 'NORMAL', 5, 32, 0, 3, NULL, NULL, NULL, NULL, NULL, NULL, '0'),
(563, '241', 'HARINA DE ALMENDRAS', '', '*TU CORAZÓN TE LO AGRADECERÁ*GRAN APORTE ENERGETICO A TU CUERPO*LA HARINA DE ALMENDRAS NO ENGORDA*AYUDA A REGULAR EL AZUCAR DE LA SANGRE*TIENE PROPIEDADES ANTICANCERIGENAS*CUIDADO DE PIEL, CABELLO Y UÑAS', 75000, 'und', 3, 'NUEVO', 5, 32, 0, 3, 70000, 3000, NULL, NULL, NULL, NULL, '0'),
(564, '242', 'HARINA DE AMARANTO', '', '', 30000, 'und', 4, 'NORMAL', 5, 32, 0, 4, 28000, 3000, NULL, NULL, NULL, NULL, '0'),
(565, '243', 'HARINA DE ARROZ', '', '*APORTA ENERGIA*REGULA LA FUNCIÓN INSTESTINAL*APOYA A CONTROLAR EL COLESTEROL*AYUDA A PERDER PESO*BUENA PARA LOS DIABETICOS*NO ACIDIFICA LA SANGRE*CONTIENE ANTIOXIDANTES*PREVIENE CANCER DE COLON', 10000, 'und', 5, 'NUEVO', 5, 32, 0, 5, 9000, 3000, NULL, NULL, NULL, NULL, '0'),
(566, '244', 'HARINA DE ARROZ INTEGRAL', '', '', 25000, 'und', 3, 'NORMAL', 5, 32, 0, 3, 22000, 3000, NULL, NULL, NULL, NULL, '0'),
(567, '245', 'HARINA DE AVENA INTEGRAL', '', '*ALTO CONTENIDO DE ANTIOXIDANTES*EXCELENTE FUENTE DE FIBRA PARA EL COLON*AYUDA A CONTROLAR LOS PICOS DE GLUCEMIA*ESTREÑIMIENTO*EXCELENTE ALIMENTO PARA HACER DIETA', 22000, 'und', 4, 'NORMAL', 5, 32, 0, 4, 20000, 3000, NULL, NULL, NULL, NULL, '0'),
(568, '246', 'HARINA DE SOYA', '', '', 13000, 'und', 5, 'NUEVO', 5, 32, 0, 5, 11500, 3000, NULL, NULL, NULL, NULL, '0'),
(569, '247', 'HARINA TOSTADA SACHA INCHI', '', '*AUMENTA NOTABLEMENTE LA RESISTENCIA DEL CUERPO, MEJORA LA CIRCULACIÓN DE LA SANGRE*MINIMIZA EL COLESTEROL MALO (TIPO LDL) Y POTENCIA EL REGISTRO DE COLESTEROL BUENO (HDL)*DE IGUAL FORMA, EL SACHA INCHI FORTALECE EL SISTEMA CARDIOVASCULAR*POSEE ALTOS REGISTROS DE OMEGA 3, REDUCIENDO LA POSIBILIDAD DE SUFRIR ALGUNA ENFERMEDAD CARDÍACA*SIRVE PERDER PESO Y REDUCIR MEDIDAS*PROMUEVE UNA MEJOR VISIÓN, PREVIENE EL PROCESO DEGENERATIVO DE LA PIEL Y MINIMIZA EL POTENCIAL DE SUFRIR DIABETES TIPO II*REDUCE LOS PROBLEMAS HORMONALES EN LA MUJER*RETRASA EL PROCESO DE ENVEJECIMIENTO*COMBATE EL CANSANCIO, STRESS, AGOTAMIENTO NERVIOSO O MENTAL, INSOMNIO*APORTA EN EL TRATAMIENTO DE CROHN (INFLAMACIÓN DEL COLON).', 24000, 'und', 5, 'NORMAL', 5, 32, 0, 5, 22000, 3000, NULL, NULL, NULL, NULL, '0'),
(570, '248', 'PISTACHOS SIN CÁSCARA', '', '*GRAN FUENTE DE PROTEÍNAS Y FIBRA*MEJORA LA SALUD DEL CORAZÓN*REDUCE LOS NIVELES DE AZÚCAR Y COLESTEROL*ANTIESTRÉS*AYUDA A PERDER PESO', 140, 'gr', 3, 'NUEVO', 6, 33, 0, 3, 120, 3000, 1050, 10000, NULL, NULL, '0'),
(571, '249', 'PISTACHOS', '', '*GRAN FUENTE DE PROTEÍNAS Y FIBRA*MEJORA LA SALUD DEL CORAZÓN*REDUCE LOS NIVELES DE AZÚCAR Y COLESTEROL*ANTIESTRÉS*AYUDA A PERDER PESO', 70, 'gr', 4, 'NUEVO', 6, 33, 0, 4, 68, 3000, 714, 11340, NULL, NULL, '0'),
(572, '250', 'ALMENDRA FILETEADA ', '', '*AYUDA A BAJAR DE PESO*FORTALECE EL SISTEMA INMUNE*IDEAL PARA DIABÉTICOS*REDUCE EL COLESTEROL*ANTIOXIDANTE*PREVIENE EL ENVEJECIMIENTO*CREA MÚSCULO*LAXANTE NATURAL', 65, 'gr', 4, 'NUEVO', 6, 33, 0, 4, 63, 3000, 681, 11350, NULL, NULL, '0'),
(573, '251', 'ALMENDRA NATURAL ', '', '*AYUDA A BAJAR DE PESO*FORTALECE EL SISTEMA INMUNE*IDEAL PARA DIABÉTICOS*REDUCE EL COLESTEROL*ANTIOXIDANTE*PREVIENE EL ENVEJECIMIENTO*CREA MÚSCULO*LAXANTE NATURAL', 50, 'gr', 5, 'NORMAL', 6, 33, 0, 5, 48, 3000, 997.92, 22680, NULL, NULL, '0'),
(574, '252', 'AVELLANAS', '', '*COMBATE EL CANSANCIO, LOS CALAMBRES Y EL ENVEJECIMIENTO*PREVIENE EL CÁNCER Y LA DEPRESIÓN*CONTROLA LA HIPERTENCIÓN*MANTIENE LA FIEBRE, LOS REFRIADOS Y LAS ENFERMEDADES A RAYA*NO TIENE COLESTEROL*MEJORA EL RENDIMIENTO MENTAL', 98, 'gr', 3, 'NUEVO', 6, 33, 0, 3, 90, 3000, 860, 10000, NULL, NULL, '0'),
(575, '253', 'MACADAMIA ', '', '*REDUCE EL COLESTEROL*EVITA EL ESTREÑIMIENTO*PREVIENE ENFERMEDADES DEL CORAZÓN*PREVIENE LA OSTEPOROSIS*AYUDA A TENER UN SISTEMA NERVIOSO SALUDABLE*RICA EN OMEGA 3 Y 7*GRAN FUENTE DE FIBRA', 83, 'gr', 5, 'NUEVO', 6, 33, 0, 5, 80, 3000, 1950, 25000, NULL, NULL, '0'),
(576, '254', 'MANÍ  PARTIDO A GRANEL ', '', '*ALIADOS DEL CORAZÓN*REDUCE EL RIESGO DE PADECER CÁNCER*MEJORAN LA SALUD DEL CEREBRO*CUIDAN TUS HUESOS*SACIAN EL APETITO Y TE AYUDAN A PERDER PESO*AYUDAN A TENER UNA PIEL SANA*COMBATEN EL COLESTEROL*CONTROLAN LA PRESIÓN ARTERIAL*CONTIENEN ÁCIDO FÓLICO', 15, 'gr', 4, 'NORMAL', 6, 33, 0, 4, 14.5, 3000, 330, 25000, NULL, NULL, '0'),
(577, '255', 'MANÍ  SALADO ', '', '*ALIADOS DEL CORAZÓN*REDUCE EL RIESGO DE PADECER CÁNCER*MEJORAN LA SALUD DEL CEREBRO*CUIDAN TUS HUESOS*SACIAN EL APETITO Y TE AYUDAN A PERDER PESO*AYUDAN A TENER UNA PIEL SANA*COMBATEN EL COLESTEROL*CONTROLAN LA PRESIÓN ARTERIAL*CONTIENEN ÁCIDO FÓLICO', 15, 'gr', 5, 'NORMAL', 6, 33, 0, 5, 14.5, 3000, 330, 25000, NULL, NULL, '0'),
(578, '256', 'MANÍ  CONFITADO CON AJONJOLI', '', '*ALIADOS DEL CORAZÓN*REDUCE EL RIESGO DE PADECER CÁNCER*MEJORAN LA SALUD DEL CEREBRO*CUIDAN TUS HUESOS*SACIAN EL APETITO Y TE AYUDAN A PERDER PESO*AYUDAN A TENER UNA PIEL SANA*COMBATEN EL COLESTEROL*CONTROLAN LA PRESIÓN ARTERIAL*CONTIENEN ÁCIDO FÓLICO', 18, 'gr', 5, 'NORMAL', 6, 33, 0, 5, 16, 3000, 300, 25000, NULL, NULL, '0'),
(579, '257', 'MANÍ  SIN SAL', '', '*ALIADOS DEL CORAZÓN*REDUCE EL RIESGO DE PADECER CÁNCER*MEJORAN LA SALUD DEL CEREBRO*CUIDAN TUS HUESOS*SACIAN EL APETITO Y TE AYUDAN A PERDER PESO*AYUDAN A TENER UNA PIEL SANA*COMBATEN EL COLESTEROL*CONTROLAN LA PRESIÓN ARTERIAL*CONTIENEN ÁCIDO FÓLICO', 15, 'gr', 3, 'NORMAL', 6, 33, 0, 3, 14.5, 3000, 330, 25000, NULL, NULL, '0'),
(580, '258', 'MANÍ  SOYA', '', '*ALIADOS DEL CORAZÓN*REDUCE EL RIESGO DE PADECER CÁNCER*MEJORAN LA SALUD DEL CEREBRO*CUIDAN TUS HUESOS*SACIAN EL APETITO Y TE AYUDAN A PERDER PESO*AYUDAN A TENER UNA PIEL SANA*COMBATEN EL COLESTEROL*CONTROLAN LA PRESIÓN ARTERIAL*CONTIENEN ÁCIDO FÓLICO', 30, 'gr', 4, 'NORMAL', 6, 33, 0, 4, 28, 3000, 288, 12000, NULL, NULL, '0'),
(581, '259', 'MAÍZ  JALAPEÑO', '', '*AYUDA A ACELERAR LOS ALIMENTOS*PROTEÍNAS Y FIBRA*ES ESENCIAL PARA LA DIGESTIÓN*BUENA FUENTE DE HIDRATOS DE CARBONO*VITAMINAS Y MINERALES', 35, 'gr', 5, 'NORMAL', 6, 33, 0, 5, 30, 3000, 140, 5000, NULL, NULL, '0'),
(582, '260', 'MAÍZ  NATURAL', '', '*AYUDA A ACELERAR LOS ALIMENTOS*PROTEÍNAS Y FIBRA*ES ESENCIAL PARA LA DIGESTIÓN*BUENA FUENTE DE HIDRATOS DE CARBONO*VITAMINAS Y MINERALES', 35, 'gr', 3, 'NUEVO', 6, 33, 0, 3, 32, 3000, 140, 5000, NULL, NULL, '0'),
(583, '261', 'MARAÑÓN', '', '*FORTALECE LOS HUESOS*PREVIENE EL CÁNCER*AYUDA A CONTROLAR EL PESO*AYUDA A REGENERAR LAS CÉLULAS*PROTEGE EL CORAZÓN*AUMENTA EL METABOLISMO*AYUDA LA SALUD VISUAL*AYUDA A AUMENTAR LAS DEFENSAS', 60, 'gr', 4, 'NORMAL', 6, 33, 0, 4, 58, 3000, 900, 20000, NULL, NULL, '0'),
(584, '262', 'NUEZ PECAN', '', '*RICAS EN OMEGA 9 CON PROPIEDADES ANTIINFLAMATORIAS*MUY BAJO CONTENIDO EN SODIO*IDEAL PARA DEPORTISTAS PERSONAS CON ESTRÉS, OBESIDAD E HIPERTENCIÓN*IMPORTANTE PARA LA SALUD DEL CORAZÓN, LA PIEL Y LOS HUESOS*CONTIENEN MINERALES Y VITAMINA E', 100, 'gr', 5, 'NORMAL', 6, 33, 0, 5, 95, 3000, 885, 10000, NULL, NULL, '0'),
(585, '263', 'NUEZ CEREBRITO NOGAL', '', '*ANTIOXIDANTES PODEROSOS*DIABETES*PROPIEDADES ANTI-CÁNCER*SALUD CEREBRAL*MEJORA LA SALUD REPRODUCTIVA EN HOMBRES*CONTROL DE PESO*SALUD DEL CORAZÓN*', 68, 'gr', 4, 'NUEVO', 6, 33, 0, 4, 65, 3000, 604, 10000, NULL, NULL, '0'),
(586, '264', 'HABAS', '', '*MEJORA LA SALUD DEL CORAZÓN*INCREMENTA LOS NIVELES DE OXÍGENO*HIDRATA EL ORGANISMO*RICAS EN HIERRO*SON SACIANTES*SON FUENTE DE CALCIO*MEJORA LA MEMORIA*AYUDA A CONTROLAR EL PESO', 35, 'gr', 5, 'NORMAL', 6, 33, 0, 5, 32, 3000, 145, 5000, NULL, NULL, '0'),
(587, '265', 'ARÁNDANOS ', '', 'PREVIENE ENFERMEDADES NEURODEGENERATIVAS*REJUVENECE*REDUCE LA PRESIÓN ARTERIAL*ES ANTIINFLAMATORIO*ES ANTIINFLAMATORIO*PREVIENE EL DAÑO EN EL ADN*REDUCE EL RIESGO DE SUFRIR CÁNCER', 40, 'gr', 5, 'NUEVO', 6, 34, 0, 5, 35, 3000, 376.5, 11340, NULL, NULL, '0'),
(588, '266', 'DÁTILES ', '', '*FUENTE DE CALCIO Y HIERRO*ENDULZANTE NATURAL*PROVEE ENERGIA NATURAL Y ESTABLE*ALTA CONCENTRACIÓN DE ÁCIDO FÓLICO*ANTIOXIDANTES*FUENTE DE FIBRA*AYUDA EN CASOS DE HIPERTENSIÓN', 50, 'gr', 3, 'NORMAL', 6, 34, 0, 3, 48, 3000, 285.6, 6800, NULL, NULL, '0'),
(589, '267', 'DURAZNOS DESHIDRATADOS', '', '*CONTIENE POCAS CALORIAS*HIDRATA LA PIEL*AYUDA A REGULAR LA PRESIÓN ARTERIAL*AYUDA A NEUTRALIZAR LOS RADICALES LIBRES*CONTIENE VITAMINAS E, K Y TIAMINA', 55, 'gr', 3, 'NORMAL', 6, 34, 0, 3, 50, 3000, NULL, NULL, NULL, NULL, '0'),
(590, '268', 'UVAS PASAS', '', '*ELIMINA TOXINAS*BUENA FUENTE DE ANTIOXIDANTES*MEJORA LA DIGESTION POR EL ALTO CONTENIDO DE FIBRA*ALTO CONTENIDO DE POTASIO*MEJORA LA CIRCULACIÓN SANGUINEA*BUENA FUENTE DE ENERGIA', 11, 'gr', 3, 'NORMAL', 6, 34, 0, 3, 10, 3000, 80, 10000, NULL, NULL, '0'),
(591, '269', 'COCO EN HOJUELAS', '', '*ANTIOXIDANTES *SU CAPACIDAD PARA REGULAR LA PRESIÓN SANGUÍNEA Y DISMINUIR LOS TRIGLICÉRIDOS.*ES RICO EN FIBRAS Y MINERALES (POTASIO, FÓSFORO, MAGNESIO, HIERRO Y VITAMINAS E, C, Y B).', 35, 'gr', 3, 'NORMAL', 6, 34, 0, 3, 32, 3000, NULL, NULL, NULL, NULL, '0'),
(592, '270', 'HIGOS ', 'SECOS APORTAN MÁS CALCIO QUE CUALQUIER OTRA FRUTA DESECADA. CONCRETAMENTE CONTIENEN 100 MG DE CALCIO POR CADA 100 GRAMOS DE HIGOS CONSUMIDOS. POR SU CONTENIDO EN CALCIO PUEDEN AYUDAR A PREVENIR LA OSTEOPOROSIS Y TIENEN UN EFECTO PROTECTOR CONTRA EL CÁNCER DE COLON.', '', 85, 'gr', 3, 'NORMAL', 6, 34, 0, 3, 80, 3000, 650, 10000, NULL, NULL, '0'),
(593, '271', 'CIRUELA SIN SEMILLA ', 'LOS GLÓBULOS ROJOS QUE FORMULA HIERRO, EL POTASIO REGULADOR DE LA PRESIÓN DE LA SANGRE Y EL CORAZÓN, Y VITAMINAS B COMO LA NIACINA, B-6 Y EL ÁCIDO PANTOTÉNICO QUE METABOLIZAN GRASAS Y CARBOHIDRATOS SON BENEFICIOS A LA SALUD IMPORTANTES QUE CONTIENEN LAS CIRUELAS Y CIRUELA PASA, Y LOS CONTENIDOS EN VITAMINA K Y AMINO ÁCIDOS SON MUY ALTOS.', '', 16, 'gr', 3, 'NORMAL', 6, 34, 0, 3, 13, 3000, 125, 10000, NULL, NULL, '0'),
(594, '272', 'MONEDA DE CHOCOLATE', 'PROPORCIONAMOS PRODCTOS DE ALTA CALIDAD , VARIEDAD Y PRECIO IDEALES PARA TUS PREPARACIONES DE RESPOSTERIA .', '', 52000, 'UN', 4, '', 7, 30, 0, 5, NULL, NULL, NULL, NULL, NULL, NULL, '0'),
(595, '273', 'M&M GRANDE', 'PROPORCIONAMOS PRODCTOS DE ALTA CALIDAD , VARIEDAD Y PRECIO IDEALES PARA TUS PREPARACIONES DE RESPOSTERIA .', '', 30, 'gr', 5, '', 7, 30, 0, 4, 28, 3000, NULL, NULL, NULL, NULL, '0'),
(596, '274', 'ARROZ CRISPY', 'PROPORCIONAMOS PRODCTOS DE ALTA CALIDAD , VARIEDAD Y PRECIO IDEALES PARA TUS PREPARACIONES DE RESPOSTERIA .', '', 16, 'gr', 3, '', 7, 30, 0, 5, 15, 3000, NULL, NULL, NULL, NULL, '0'),
(597, '275', 'NUTELLA DE 140 GR', 'PROPORCIONAMOS PRODCTOS DE ALTA CALIDAD , VARIEDAD Y PRECIO IDEALES PARA TUS PREPARACIONES DE RESPOSTERIA .', '', 11, 'gr', 4, '', 7, 30, 0, 5, NULL, NULL, NULL, NULL, NULL, NULL, '0'),
(598, '276', 'COCOA CORONA 100gr', 'PROPORCIONAMOS PRODCTOS DE ALTA CALIDAD , VARIEDAD Y PRECIO IDEALES PARA TUS PREPARACIONES DE RESPOSTERIA .', '', 4.2, 'gr', 5, '', 7, 30, 0, 3, NULL, NULL, NULL, NULL, NULL, NULL, '0'),
(599, '277', 'COBERTURA GIRONES BLANCA', 'PROPORCIONAMOS PRODCTOS DE ALTA CALIDAD , VARIEDAD Y PRECIO IDEALES PARA TUS PREPARACIONES DE RESPOSTERIA .', '', 8, 'gr', 5, '', 7, 30, 0, 4, 8, 3000, NULL, NULL, NULL, NULL, '0'),
(600, '278', 'COBERTURA GIRONES NEGRA', 'PROPORCIONAMOS PRODCTOS DE ALTA CALIDAD , VARIEDAD Y PRECIO IDEALES PARA TUS PREPARACIONES DE RESPOSTERIA .', '', 8, 'gr', 3, '', 7, 30, 0, 5, 8, 3000, NULL, NULL, NULL, NULL, '0'),
(601, '279', 'CHOCOCUBIERTA BLANCA ', 'PROPORCIONAMOS PRODCTOS DE ALTA CALIDAD , VARIEDAD Y PRECIO IDEALES PARA TUS PREPARACIONES DE RESPOSTERIA .', '', 69, 'gr', 4, '', 7, 30, 0, 3, 68, 3000, NULL, NULL, NULL, NULL, '0'),
(602, '280', 'COBERTURA BLANCA DAGUSTO ', 'PROPORCIONAMOS PRODCTOS DE ALTA CALIDAD , VARIEDAD Y PRECIO IDEALES PARA TUS PREPARACIONES DE RESPOSTERIA .', '', 43, 'gr', 4, '', 7, 30, 0, 4, 43, 3000, NULL, NULL, NULL, NULL, '0'),
(603, '281', 'COBERTURA NEGRA SEMIAMARGO DAGUSTO', 'PROPORCIONAMOS PRODCTOS DE ALTA CALIDAD , VARIEDAD Y PRECIO IDEALES PARA TUS PREPARACIONES DE RESPOSTERIA .', '', 41, 'gr', 5, '', 7, 30, 0, 5, 41, 3000, NULL, NULL, NULL, NULL, '0'),
(604, '282', 'COBERTURA DE LECHE NACIONAL DE CHOCOLATE', 'PROPORCIONAMOS PRODCTOS DE ALTA CALIDAD , VARIEDAD Y PRECIO IDEALES PARA TUS PREPARACIONES DE RESPOSTERIA .', '', 18, 'gr', 3, '', 7, 30, 0, 4, 18, 3000, NULL, NULL, NULL, NULL, '0'),
(605, '283', 'COBERTURA DE CHOCOLATE BLANCO NACIONAL DE CHOCOLATE', 'PROPORCIONAMOS PRODCTOS DE ALTA CALIDAD , VARIEDAD Y PRECIO IDEALES PARA TUS PREPARACIONES DE RESPOSTERIA .', '', 18.5, 'gr', 5, '', 7, 30, 0, 5, 18.5, 3000, NULL, NULL, NULL, NULL, '0'),
(606, '284', 'BROWNIES CORONA 350gr', 'PROPORCIONAMOS PRODCTOS DE ALTA CALIDAD , VARIEDAD Y PRECIO IDEALES PARA TUS PREPARACIONES DE RESPOSTERIA .', '', 5800, 'UN', 4, '', 7, 30, 0, 5, NULL, NULL, NULL, NULL, NULL, NULL, '0'),
(607, '285', 'TORTA DE CHOCOLATE CORONA 450gr', 'PROPORCIONAMOS PRODCTOS DE ALTA CALIDAD , VARIEDAD Y PRECIO IDEALES PARA TUS PREPARACIONES DE RESPOSTERIA .', '', 7500, 'UN', 5, '', 7, 30, 0, 3, NULL, NULL, NULL, NULL, NULL, NULL, '0'),
(608, '286', 'TORTA DE VAINILLA CORONA 450gr', 'PROPORCIONAMOS PRODCTOS DE ALTA CALIDAD , VARIEDAD Y PRECIO IDEALES PARA TUS PREPARACIONES DE RESPOSTERIA .', '', 7500, 'UN', 5, '', 7, 30, 0, 3, NULL, NULL, NULL, NULL, NULL, NULL, '0'),
(609, '287', 'CHIPS DE CHOCOLATE BLANCO ', 'PROPORCIONAMOS PRODCTOS DE ALTA CALIDAD , VARIEDAD Y PRECIO IDEALES PARA TUS PREPARACIONES DE RESPOSTERIA .', '', 28, 'gr', 3, '', 7, 30, 0, 3, 26, 3000, NULL, NULL, NULL, NULL, '0'),
(610, '288', 'CHIPS DE CHOCOLATE NEGRO', 'PROPORCIONAMOS PRODCTOS DE ALTA CALIDAD , VARIEDAD Y PRECIO IDEALES PARA TUS PREPARACIONES DE RESPOSTERIA .', '', 26, 'gr', 4, '', 7, 30, 0, 3, 24, 3000, NULL, NULL, NULL, NULL, '0'),
(611, '289', 'CREMA PARA DECORAR SABOR A CHOCOLATE', 'PROPORCIONAMOS PRODCTOS DE ALTA CALIDAD , VARIEDAD Y PRECIO IDEALES PARA TUS PREPARACIONES DE RESPOSTERIA .', '', 13500, 'UN', 5, '', 7, 30, 0, 3, NULL, NULL, NULL, NULL, NULL, NULL, '0'),
(612, '290', 'CREMA PARA DECORAR SABOR A VAINILLA', 'PROPORCIONAMOS PRODCTOS DE ALTA CALIDAD , VARIEDAD Y PRECIO IDEALES PARA TUS PREPARACIONES DE RESPOSTERIA .', '', 13500, 'UN', 3, '', 7, 30, 0, 3, NULL, NULL, NULL, NULL, NULL, NULL, '0'),
(613, '291', 'CREMA PARA DECORAR SABOR A NATA', 'PROPORCIONAMOS PRODCTOS DE ALTA CALIDAD , VARIEDAD Y PRECIO IDEALES PARA TUS PREPARACIONES DE RESPOSTERIA .', '', 13500, 'UN', 3, '', 7, 30, 0, 3, NULL, NULL, NULL, NULL, NULL, NULL, '0');

-- --------------------------------------------------------

--
-- Estructura de tabla para la tabla `bancospse`
--

CREATE TABLE `bancospse` (
  `id` int(11) NOT NULL,
  `code` varchar(7) NOT NULL,
  `name` varchar(150) NOT NULL
) ENGINE=InnoDB DEFAULT CHARSET=utf8mb4;

--
-- Volcado de datos para la tabla `bancospse`
--

INSERT INTO `bancospse` (`id`, `code`, `name`) VALUES
(1, '0', 'A continuación seleccione su banco'),
(2, '1552', 'BAN.CO'),
(3, '1040', 'BANCO AGRARIO'),
(4, '10322', 'BANCO CAJA SOCIAL'),
(5, '1061', 'BANCO COOMEVA S.A. - BANCOOMEVA'),
(6, '1080', 'BANCO AGRARIO QA DEFECTOS'),
(7, '1016', 'BANCO COOPERATIVO COOPCENTRAL'),
(8, '1019', 'BANCO COLPATRIA DESARROLLO'),
(9, '1052', 'BANCO COMERCIAL AVVILLAS S.A.'),
(10, '1078', 'BANCO COLPATRIA UAT'),
(11, '1081', 'BANCO AGRARIO DESARROLLO'),
(12, '1032', 'BANCO CAJA SOCIAL DESARROLLO'),
(13, '1051', 'BANCO DAVIVIENDA'),
(14, '10512', 'BANCO DAVIVIENDA Desarrollo'),
(15, '1039', 'BANCO DE BOGOTA'),
(16, '1001', 'BANCO DE BOGOTA DESARROLLO 2013'),
(17, '1023', 'BANCO DE OCCIDENTE'),
(18, '1062', 'BANCO FALABELLA'),
(19, '1010', 'BANCO GNB COLOMBIA (ANTES HSBC)'),
(20, '1012', 'BANCO GNB SUDAMERIS'),
(21, '1060', 'BANCO PICHINCHA S.A.'),
(22, '1002', 'BANCO POPULAR'),
(23, '1058', 'BANCO PROCREDIT COLOMBIA'),
(24, '1203', 'BANCO PRODUCTOS POR SEPARADO'),
(25, '1101', 'Banco PSE'),
(26, '1065', 'BANCO SANTANDER COLOMBIA'),
(27, '1063', 'Banco Serfinanza'),
(28, '1035', 'BANCO TEQUENDAMA'),
(29, '1004', 'Banco union Colombia Credito'),
(30, '1005', 'Banco union Colombia credito FD'),
(31, '1022', 'BANCO UNION COLOMBIANO'),
(32, '1055', 'Banco Web Service ACH'),
(34, '10072', 'BANCOLOMBIA DATAPOWER'),
(35, '10071', 'BANCOLOMBIA DESARROLLO'),
(36, '1007', 'BANCOLOMBIA QA'),
(37, '1013', 'BBVA COLOMBIA S.A.'),
(38, '1009', 'CITIBANK COLOMBIA S.A.'),
(39, '1292', 'CONFIAR COOPERATIVA FINANCIERA'),
(40, '1551', 'DAVIPLATA'),
(41, '1006', 'ITAU'),
(42, '1508', 'NEQUI CERTIFICACION'),
(43, '121212', 'Prueba Steve');

-- --------------------------------------------------------

--
-- Estructura de tabla para la tabla `barrios`
--

CREATE TABLE `barrios` (
  `id` int(11) NOT NULL,
  `nombre` varchar(50) NOT NULL,
  `tarifa` double NOT NULL DEFAULT 0
) ENGINE=InnoDB DEFAULT CHARSET=utf8mb4;

-- --------------------------------------------------------

--
-- Estructura de tabla para la tabla `carusel`
--

CREATE TABLE `carusel` (
  `id` int(11) NOT NULL,
  `img` varchar(50) NOT NULL,
  `imgmovil` varchar(50) NOT NULL,
  `idgrupo` int(11) NOT NULL
) ENGINE=InnoDB DEFAULT CHARSET=utf8mb4;

--
-- Volcado de datos para la tabla `carusel`
--

INSERT INTO `carusel` (`id`, `img`, `imgmovil`, `idgrupo`) VALUES
(18, 'img/carusel/Bb1m9PsmJyFYyVsaH0t7eYpY.png', 'img/carusel/movil/hN8zNFSIGOLXJ0Uug4Xwb-bQ.png', 7);

-- --------------------------------------------------------

--
-- Estructura de tabla para la tabla `clientes`
--

CREATE TABLE `clientes` (
  `id` int(11) NOT NULL,
  `documento` varchar(15) DEFAULT NULL,
  `idtipo_documento` int(11) DEFAULT NULL,
  `nombres` varchar(50) NOT NULL,
  `apellidos` varchar(50) DEFAULT NULL,
  `celular` varchar(10) DEFAULT NULL,
  `celular2` varchar(45) DEFAULT NULL,
  `direccion` varchar(100) DEFAULT NULL,
  `idbarrio` int(11) DEFAULT NULL,
  `idorden` int(10) UNSIGNED DEFAULT NULL,
  `email` varchar(100) NOT NULL,
  `password` varchar(45) DEFAULT NULL,
  `tokenfacebook` varchar(500) DEFAULT NULL,
  `idfacebook` varchar(45) DEFAULT NULL,
  `tokengoogle` varchar(500) DEFAULT NULL,
  `idgoogle` varchar(45) DEFAULT NULL,
  `terminos` tinyint(1) NOT NULL DEFAULT 0,
  `comunicaciones` tinyint(1) NOT NULL DEFAULT 0
) ENGINE=InnoDB DEFAULT CHARSET=utf8mb4;

--
-- Volcado de datos para la tabla `clientes`
--

INSERT INTO `clientes` (`id`, `documento`, `idtipo_documento`, `nombres`, `apellidos`, `celular`, `celular2`, `direccion`, `idbarrio`, `idorden`, `email`, `password`, `tokenfacebook`, `idfacebook`, `tokengoogle`, `idgoogle`, `terminos`, `comunicaciones`) VALUES
(0, NULL, NULL, 'CLIENTE OCACIONAL', NULL, NULL, NULL, NULL, NULL, NULL, 'NOREPLI@SINCORREO.COM', NULL, NULL, NULL, NULL, NULL, 0, 0);

--
-- Disparadores `clientes`
--
DELIMITER $$
CREATE TRIGGER `clientes_BEFORE_UPDATE` BEFORE UPDATE ON `clientes` FOR EACH ROW BEGIN
IF new.idorden=null then
UPDATE ordenes set finalizada=true where old.idorden=id;
end if;
END
$$
DELIMITER ;

-- --------------------------------------------------------

--
-- Estructura de tabla para la tabla `cupones`
--

CREATE TABLE `cupones` (
  `id` int(11) NOT NULL,
  `codigo` varchar(12) NOT NULL,
  `fechavencimiento` date NOT NULL,
  `descuento` int(11) NOT NULL,
  `fechacreacion` datetime NOT NULL
) ENGINE=InnoDB DEFAULT CHARSET=utf8mb4;

-- --------------------------------------------------------

--
-- Estructura de tabla para la tabla `estados_pago`
--

CREATE TABLE `estados_pago` (
  `id` int(11) NOT NULL,
  `nombre` varchar(45) NOT NULL
) ENGINE=InnoDB DEFAULT CHARSET=utf8mb4;

--
-- Volcado de datos para la tabla `estados_pago`
--

INSERT INTO `estados_pago` (`id`, `nombre`) VALUES
(2, 'PAGADO'),
(1, 'PENDIENTE'),
(3, 'RECHAZADO');

-- --------------------------------------------------------

--
-- Estructura de tabla para la tabla `grupos`
--

CREATE TABLE `grupos` (
  `id` int(11) NOT NULL,
  `nombre` varchar(50) NOT NULL
) ENGINE=InnoDB DEFAULT CHARSET=utf8mb4;

--
-- Volcado de datos para la tabla `grupos`
--

INSERT INTO `grupos` (`id`, `nombre`) VALUES
(4, 'ACEITES'),
(6, 'FRUTOS'),
(0, 'OTROS'),
(7, 'PANADERÍA Y REPOSTERÍA'),
(3, 'SEMILLAS'),
(5, 'SÚPER ALIMENTOS'),
(1, 'TOPPING Y SPRINGLESS'),
(2, 'UTENSILIOS');

--
-- Disparadores `grupos`
--
DELIMITER $$
CREATE TRIGGER `grupos_AFTER_INSERT` AFTER INSERT ON `grupos` FOR EACH ROW BEGIN
	INSERT INTO subgrupos(nombre,idgrupo)value("OTROS",NEW.id);
END
$$
DELIMITER ;

-- --------------------------------------------------------

--
-- Estructura de tabla para la tabla `marcas`
--

CREATE TABLE `marcas` (
  `id` int(11) NOT NULL,
  `nombre` varchar(45) NOT NULL
) ENGINE=InnoDB DEFAULT CHARSET=utf8mb4;

--
-- Volcado de datos para la tabla `marcas`
--

INSERT INTO `marcas` (`id`, `nombre`) VALUES
(0, 'OTROS');

-- --------------------------------------------------------

--
-- Estructura de tabla para la tabla `ordenes`
--

CREATE TABLE `ordenes` (
  `id` int(11) NOT NULL,
  `idcliente` int(11) DEFAULT NULL,
  `total` double NOT NULL DEFAULT 0,
  `finalizada` tinyint(1) NOT NULL DEFAULT 0,
  `nombrecliente` varchar(50) DEFAULT NULL,
  `apellidoscliente` varchar(45) DEFAULT NULL,
  `telefonocliente` varchar(10) DEFAULT NULL,
  `telefono2cliente` varchar(10) DEFAULT NULL,
  `idtipo_documento` int(11) DEFAULT NULL,
  `documentocliente` varchar(60) DEFAULT NULL,
  `direccioncliente` varchar(100) DEFAULT NULL,
  `idbarrio` int(11) DEFAULT NULL,
  `idtipo_pago` int(11) DEFAULT NULL,
  `numeropago` varchar(20) DEFAULT NULL,
  `idestado_pago` int(11) DEFAULT NULL
) ENGINE=InnoDB DEFAULT CHARSET=utf8mb4;

--
-- Volcado de datos para la tabla `ordenes`
--

INSERT INTO `ordenes` (`id`, `idcliente`, `total`, `finalizada`, `nombrecliente`, `apellidoscliente`, `telefonocliente`, `telefono2cliente`, `idtipo_documento`, `documentocliente`, `direccioncliente`, `idbarrio`, `idtipo_pago`, `numeropago`, `idestado_pago`) VALUES
(1, NULL, 8500, 1, 'Jose Luis', ' Rodriguez Peñaranda', '3203040812', NULL, 1, '1091380188', 'MOTILONES', NULL, 1, NULL, 1),
(2, NULL, 8500, 1, 'Jose Luis', ' Rodriguez Peñaranda', '3203040812', NULL, 1, '1091380188', 'CALLE 14 # 7-43 BARRIO LA LIBERTAD', NULL, 1, NULL, 1),
(3, NULL, 8500, 1, 'Jose Luis', ' Rodriguez Peñaranda', '3203040812', NULL, 1, '1009006006', 'AV 11 15 A 14 LIBERTAD', NULL, 1, NULL, 1),
(4, NULL, 8500, 1, 'Jose Luis', ' Rodriguez Peñaranda', '3203040812', NULL, 1, '1091376236', 'CALLE6#1-29 MOTILONES', NULL, 1, NULL, 1),
(5, NULL, 8500, 1, 'Jose Luis', ' Rodriguez Peñaranda', '3203040812', NULL, 1, '1090543586', 'CALLE6#1-29 MOTILONES', NULL, 1, NULL, 1),
(6, NULL, 4000, 1, 'Jose Luis', ' Rodriguez Peñaranda', '3203040812', NULL, 1, '1091376236', 'SAN JUAN', NULL, 1, NULL, 1),
(7, NULL, 8500, 1, 'Jose Luis', ' Rodriguez Peñaranda', '3203040812', NULL, 1, '1148211658', 'MOTILONES', NULL, 1, NULL, 1),
(8, NULL, 8500, 1, 'Jose Luis', ' Rodriguez Peñaranda', '3203040812', NULL, 2, '1009006006', 'CALLE6#1-29 MOTILONES', NULL, 1, NULL, 1),
(9, NULL, 8500, 1, 'Jose Luis', ' Rodriguez Peñaranda', '3203040812', NULL, 1, '1091376236', 'CALLE6#1-29 MOTILONES', NULL, 1, NULL, 1),
(10, NULL, 8500, 1, 'Jose Luis', ' Rodriguez Peñaranda', '3203040812', NULL, 1, '13484622', 'MOTILONES', NULL, 1, NULL, 1),
(11, NULL, 8500, 1, 'Jose Luis', ' Rodriguez Peñaranda', '3203040812', NULL, 1, '13484622', 'SAN JUAN', NULL, 1, NULL, 1),
(12, NULL, 8500, 1, 'Jose Luis', ' Rodriguez Peñaranda', '3203040812', NULL, 2, '1090543586', 'MOTILONES', NULL, 1, NULL, 1),
(13, NULL, 8500, 1, 'Jose Luis', ' Rodriguez Peñaranda', '3203040812', NULL, 1, '1090543586', 'MOTILONES', NULL, 1, NULL, 1),
(14, NULL, 8500, 1, 'Jose Luis', ' Rodriguez Peñaranda', '3203040812', NULL, 1, '1090543586', 'MOTILONES', NULL, 1, NULL, 1),
(15, NULL, 8500, 1, 'Jose Luis', ' Rodriguez Peñaranda', '3203040812', NULL, 1, '1091380188', 'MOTILONES', NULL, 1, NULL, 1),
(16, NULL, 8500, 1, 'Jose Luis', ' Rodriguez Peñaranda', '3203040812', NULL, 1, '13484622', 'AV 11 15 A 14 LIBERTAD', NULL, 1, NULL, 1),
(17, NULL, 8500, 1, 'Jose Luis', ' Rodriguez Peñaranda', '3203040812', NULL, 1, '1148211658', 'MOTILONES', NULL, 1, NULL, 1),
(18, NULL, 8500, 1, 'Jose Luis', ' Rodriguez Peñaranda', '3203040812', NULL, 1, '1091376236', 'SAN JUAN', NULL, 1, NULL, 1),
(19, NULL, 8500, 1, 'Jose Luis', ' Rodriguez Peñaranda', '3203040812', NULL, 1, '1090543586', 'MOTILONES', NULL, 1, NULL, 1),
(20, NULL, 8500, 1, 'Jose Luis', ' Rodriguez Peñaranda', '3203040812', NULL, 1, '1090543586', 'MOTILONES', NULL, 1, NULL, 1),
(21, NULL, 8500, 1, 'Jose Luis', ' Rodriguez Peñaranda', '3203040812', NULL, 1, '13484622', 'CALLE 14 # 7-43 BARRIO LA LIBERTAD', NULL, 1, NULL, 1),
(22, NULL, 8500, 1, 'Jose Luis', ' Rodriguez Peñaranda', '3203040812', NULL, 1, '1090543586', 'AV 11 15 A 14 LIBERTAD', NULL, 1, NULL, 1),
(23, NULL, 8500, 1, 'Jose Luis', ' Rodriguez Peñaranda', '3203040812', NULL, 1, '1009006006', 'MOTILONES', NULL, 1, NULL, 1),
(24, NULL, 8500, 1, 'Jose Luis', ' Rodriguez Peñaranda', '3203040812', NULL, 1, '1090543586', 'MOTILONES', NULL, 1, NULL, 1),
(25, NULL, 8500, 1, 'Jose Luis', ' Rodriguez Peñaranda', '3203040812', NULL, 1, '1148211658', 'MOTILONES', NULL, 1, NULL, 1),
(26, NULL, 8500, 1, 'Jose Luis', ' Rodriguez Peñaranda', '3203040812', NULL, 1, '13484622', 'SAN JUAN', NULL, 1, NULL, 1),
(27, NULL, 8500, 1, 'Jose Luis', ' Rodriguez Peñaranda', '3203040812', NULL, 1, '1091376236', 'CALLE6#1-29 MOTILONES', NULL, 1, NULL, 1),
(28, NULL, 8500, 1, 'Jose Luis', ' Rodriguez Peñaranda', '3203040812', NULL, 1, '1090452931', 'CALLE 14 # 7-43 BARRIO LA LIBERTAD', NULL, 1, NULL, 1),
(29, NULL, 8500, 1, 'Jose Luis', ' Rodriguez Peñaranda', '3203040812', NULL, 1, '1090452931', 'CALLE 14 # 7-43 BARRIO LA LIBERTAD', NULL, 1, NULL, 1),
(30, NULL, 8500, 1, 'Jose Luis', ' Rodriguez Peñaranda', '3203040812', NULL, 1, '1090452931', 'CALLE 14 # 7-43 BARRIO LA LIBERTAD', NULL, 1, NULL, 1),
(31, NULL, 8500, 1, 'Jose Luis', ' Rodriguez Peñaranda', '3203040812', NULL, 1, '1090452931', 'CALLE 14 # 7-43 BARRIO LA LIBERTAD', NULL, 1, NULL, 1),
(32, NULL, 8500, 1, 'Jose Luis', ' Rodriguez Peñaranda', '3203040812', NULL, 1, '1090543586', 'MOTILONES', NULL, 1, NULL, 1),
(33, NULL, 8500, 1, 'Jose Luis', ' Rodriguez Peñaranda', '3203040812', NULL, 1, '13484622', 'MOTILONES', NULL, 1, NULL, 1),
(34, NULL, 2500, 1, 'Jose Luis', ' Rodriguez Peñaranda', '3203040812', NULL, 1, '1091380188', 'MOTILONES', NULL, 1, NULL, 1),
(35, NULL, 8500, 1, 'Jose Luis', ' Rodriguez Peñaranda', '3203040812', NULL, 1, '1148211658', 'MOTILONES', NULL, 1, 'PSE-13535', 1),
(36, NULL, 8500, 0, 'Jose Luis', ' Rodriguez Peñaranda', '3203040812', NULL, 1, '1090543586', 'CALLE 14 # 7-43 BARRIO LA LIBERTAD', NULL, 1, NULL, 1),
(37, NULL, 8500, 1, 'Jose Luis', ' Rodriguez Peñaranda', '3203040812', NULL, 1, '1090543586', 'CALLE 14 # 7-43 BARRIO LA LIBERTAD', NULL, 4, 'PSE-13540', 1),
(38, NULL, 8500, 1, 'Jose Luis', ' Rodriguez Peñaranda', '3203040812', NULL, 1, '1091380188', 'SAN JUAN', NULL, 4, 'PSE-13541', 1),
(39, NULL, 8500, 0, 'Jose Luis', ' Rodriguez Peñaranda', '3203040812', NULL, 1, '1090543586', 'MOTILONES', NULL, 1, NULL, 1),
(40, NULL, 8500, 0, 'Jose Luis', ' Rodriguez Peñaranda', '3203040812', NULL, 1, '1090543586', 'MOTILONES', NULL, 1, NULL, 1),
(41, NULL, 8500, 1, 'Jose Luis', ' Rodriguez Peñaranda', '3203040812', NULL, 1, '13484622', 'CALLE6#1-29 MOTILONES', NULL, 4, 'PSE-13544', 2);

--
-- Disparadores `ordenes`
--
DELIMITER $$
CREATE TRIGGER `ordenes_AFTER_INSERT` AFTER INSERT ON `ordenes` FOR EACH ROW BEGIN
UPDATE
  clientes
set
  idorden = NEW.id
where
  id = NEW.idcliente;

END
$$
DELIMITER ;
DELIMITER $$
CREATE TRIGGER `ordenes_BEFORE_UPDATE` BEFORE UPDATE ON `ordenes` FOR EACH ROW BEGIN 

IF NEW.total=0 THEN
UPDATE
  clientes
set
  idorden = null
where
new.idcliente=id;
END IF;

END
$$
DELIMITER ;

-- --------------------------------------------------------

--
-- Estructura de tabla para la tabla `orden_detalles`
--

CREATE TABLE `orden_detalles` (
  `id` int(11) NOT NULL,
  `codigoarticulo` varchar(20) NOT NULL,
  `preciound` double NOT NULL,
  `cantidad` double NOT NULL,
  `nombrearticulo` varchar(50) NOT NULL,
  `embalajearticulo` varchar(10) NOT NULL,
  `idorden` int(11) NOT NULL,
  `img` varchar(45) NOT NULL
) ENGINE=InnoDB DEFAULT CHARSET=utf8mb4;

--
-- Volcado de datos para la tabla `orden_detalles`
--

INSERT INTO `orden_detalles` (`id`, `codigoarticulo`, `preciound`, `cantidad`, `nombrearticulo`, `embalajearticulo`, `idorden`, `img`) VALUES
(1, '1', 85, 100, 'ALMENDRA DORADA ', 'gr', 1, 'img/articulos/ALMENDRA DORADA.png'),
(2, '1', 85, 100, 'ALMENDRA DORADA ', 'gr', 2, 'img/articulos/ALMENDRA DORADA.png'),
(3, '1', 85, 100, 'ALMENDRA DORADA ', 'gr', 3, 'img/articulos/ALMENDRA DORADA.png'),
(4, '1', 85, 100, 'ALMENDRA DORADA ', 'gr', 4, 'img/articulos/ALMENDRA DORADA.png'),
(5, '1', 85, 100, 'ALMENDRA DORADA ', 'gr', 5, 'img/articulos/ALMENDRA DORADA.png'),
(6, '265', 40, 100, 'ARÁNDANOS ', 'gr', 6, '0'),
(7, '2', 85, 100, 'ALMENDRA PLATEADA', 'gr', 7, '0'),
(8, '2', 85, 100, 'ALMENDRA PLATEADA', 'gr', 8, '0'),
(9, '2', 85, 100, 'ALMENDRA PLATEADA', 'gr', 9, '0'),
(10, '1', 85, 100, 'ALMENDRA DORADA ', 'gr', 10, 'img/articulos/ALMENDRA DORADA.png'),
(11, '2', 85, 100, 'ALMENDRA PLATEADA', 'gr', 11, '0'),
(12, '2', 85, 100, 'ALMENDRA PLATEADA', 'gr', 12, '0'),
(13, '2', 85, 100, 'ALMENDRA PLATEADA', 'gr', 13, '0'),
(14, '2', 85, 100, 'ALMENDRA PLATEADA', 'gr', 14, '0'),
(15, '2', 85, 100, 'ALMENDRA PLATEADA', 'gr', 15, '0'),
(16, '2', 85, 100, 'ALMENDRA PLATEADA', 'gr', 16, '0'),
(17, '2', 85, 100, 'ALMENDRA PLATEADA', 'gr', 17, '0'),
(18, '2', 85, 100, 'ALMENDRA PLATEADA', 'gr', 18, '0'),
(19, '2', 85, 100, 'ALMENDRA PLATEADA', 'gr', 19, '0'),
(20, '2', 85, 100, 'ALMENDRA PLATEADA', 'gr', 20, '0'),
(21, '2', 85, 100, 'ALMENDRA PLATEADA', 'gr', 21, '0'),
(22, '1', 85, 100, 'ALMENDRA DORADA ', 'gr', 22, 'img/articulos/ALMENDRA DORADA.png'),
(23, '1', 85, 100, 'ALMENDRA DORADA ', 'gr', 23, 'img/articulos/ALMENDRA DORADA.png'),
(24, '2', 85, 100, 'ALMENDRA PLATEADA', 'gr', 24, '0'),
(25, '2', 85, 100, 'ALMENDRA PLATEADA', 'gr', 25, '0'),
(26, '2', 85, 100, 'ALMENDRA PLATEADA', 'gr', 26, '0'),
(27, '2', 85, 100, 'ALMENDRA PLATEADA', 'gr', 27, '0'),
(28, '1', 85, 100, 'ALMENDRA DORADA ', 'gr', 28, 'img/articulos/ALMENDRA DORADA.png'),
(29, '1', 85, 100, 'ALMENDRA DORADA ', 'gr', 29, 'img/articulos/ALMENDRA DORADA.png'),
(30, '1', 85, 100, 'ALMENDRA DORADA ', 'gr', 30, 'img/articulos/ALMENDRA DORADA.png'),
(31, '1', 85, 100, 'ALMENDRA DORADA ', 'gr', 31, 'img/articulos/ALMENDRA DORADA.png'),
(32, '2', 85, 100, 'ALMENDRA PLATEADA', 'gr', 32, '0'),
(33, '2', 85, 100, 'ALMENDRA PLATEADA', 'gr', 33, '0'),
(34, '4', 25, 100, 'ALMENDRA DE COLORES ', 'gr', 34, '0'),
(35, '2', 85, 100, 'ALMENDRA PLATEADA', 'gr', 35, '0'),
(36, '1', 85, 100, 'ALMENDRA DORADA ', 'gr', 36, 'img/articulos/ALMENDRA DORADA.png'),
(37, '1', 85, 100, 'ALMENDRA DORADA ', 'gr', 37, 'img/articulos/ALMENDRA DORADA.png'),
(38, '2', 85, 100, 'ALMENDRA PLATEADA', 'gr', 38, '0'),
(39, '1', 85, 100, 'ALMENDRA DORADA ', 'gr', 39, 'img/articulos/ALMENDRA DORADA.png'),
(40, '1', 85, 100, 'ALMENDRA DORADA ', 'gr', 40, 'img/articulos/ALMENDRA DORADA.png'),
(41, '1', 85, 100, 'ALMENDRA DORADA ', 'gr', 41, 'img/articulos/ALMENDRA DORADA.png');

--
-- Disparadores `orden_detalles`
--
DELIMITER $$
CREATE TRIGGER `orden_detalles_AFTER_DELETE` AFTER DELETE ON `orden_detalles` FOR EACH ROW BEGIN
UPDATE
  ordenes
SET
  total = total -(OLD.cantidad * OLD.preciound)
WHERE
  id = OLD.idorden;

END
$$
DELIMITER ;
DELIMITER $$
CREATE TRIGGER `orden_detalles_AFTER_INSERT` AFTER INSERT ON `orden_detalles` FOR EACH ROW BEGIN
UPDATE
  ordenes
SET
  total = total +(NEW.cantidad * NEW.preciound)
WHERE
  id = NEW.idorden;
END
$$
DELIMITER ;
DELIMITER $$
CREATE TRIGGER `orden_detalles_AFTER_UPDATE` AFTER UPDATE ON `orden_detalles` FOR EACH ROW BEGIN
UPDATE ordenes set total=total-(old.preciound*old.cantidad-new.preciound*new.cantidad) where id=new.idorden;
END
$$
DELIMITER ;

-- --------------------------------------------------------

--
-- Estructura de tabla para la tabla `recomendaciones`
--

CREATE TABLE `recomendaciones` (
  `id` int(11) NOT NULL,
  `img` varchar(50) NOT NULL,
  `titulo` varchar(50) NOT NULL,
  `texto` varchar(150) NOT NULL
) ENGINE=InnoDB DEFAULT CHARSET=utf8mb4;

--
-- Volcado de datos para la tabla `recomendaciones`
--

INSERT INTO `recomendaciones` (`id`, `img`, `titulo`, `texto`) VALUES
(1, 'img/secciones/jXoELlxF4Fa0UPLawa9s8Czi.jpeg', 'ESTO SE EDITO', 'Contrary to popular belief, Lorem Ipsum is not simply random text. It has roots in a piece of classical Latin literature from 45 BC, making it over 20'),
(2, 'img/secciones/imgreco2.jpeg', 'ALGO', 'Contrary to popular belief, Lorem Ipsum is not simply random text. It has roots in a piece of classical Latin literature from 45 BC, making it over 20'),
(3, 'img/secciones/imgreco1.jpeg', 'ALGO', 'Contrary to popular belief, Lorem Ipsum is not simply random text. It has roots in a piece of classical Latin literature from 45 BC, making it over 20'),
(4, 'img/secciones/imgreco1.jpeg', 'ALGO', 'Contrary to popular belief, Lorem Ipsum is not simply random text. It has roots in a piece of classical Latin literature from 45 BC, making it over 20'),
(5, 'img/secciones/imgreco2.jpeg', 'ALGO', 'Contrary to popular belief, Lorem Ipsum is not simply random text. It has roots in a piece of classical Latin literature from 45 BC, making it over 20'),
(6, 'img/secciones/imgreco1.jpeg', 'ALGO', 'Contrary to popular belief, Lorem Ipsum is not simply random text. It has roots in a piece of classical Latin literature from 45 BC, making it over 20'),
(7, 'img/secciones/imgreco2.jpeg', 'ALGO', 'Contrary to popular belief, Lorem Ipsum is not simply random text. It has roots in a piece of classical Latin literature from 45 BC, making it over 20'),
(8, 'img/secciones/imgreco1.jpeg', 'ALGO', 'Contrary to popular belief, Lorem Ipsum is not simply random text. It has roots in a piece of classical Latin literature from 45 BC, making it over 20'),
(9, 'img/secciones/imgreco2.jpeg', 'ALGO', 'Contrary to popular belief, Lorem Ipsum is not simply random text. It has roots in a piece of classical Latin literature from 45 BC, making it over 20'),
(10, 'img/secciones/imgreco1.jpeg', 'ALGO', 'Contrary to popular belief, Lorem Ipsum is not simply random text. It has roots in a piece of classical Latin literature from 45 BC, making it over 20'),
(11, 'img/secciones/imgreco1.jpeg', 'ALGO', 'Contrary to popular belief, Lorem Ipsum is not simply random text. It has roots in a piece of classical Latin literature from 45 BC, making it over 20'),
(12, 'img/secciones/imgreco2.jpeg', 'ALGO', 'Contrary to popular belief, Lorem Ipsum is not simply random text. It has roots in a piece of classical Latin literature from 45 BC, making it over 20'),
(13, 'img/secciones/imgreco1.jpeg', 'ALGO', 'Contrary to popular belief, Lorem Ipsum is not simply random text. It has roots in a piece of classical Latin literature from 45 BC, making it over 20');

-- --------------------------------------------------------

--
-- Estructura de tabla para la tabla `subgrupos`
--

CREATE TABLE `subgrupos` (
  `id` int(11) NOT NULL,
  `nombre` varchar(20) NOT NULL,
  `idgrupo` int(11) NOT NULL
) ENGINE=InnoDB DEFAULT CHARSET=utf8mb4;

--
-- Volcado de datos para la tabla `subgrupos`
--

INSERT INTO `subgrupos` (`id`, `nombre`, `idgrupo`) VALUES
(17, 'OTROS', 0),
(24, 'OTROS', 1),
(25, 'OTROS', 2),
(26, 'OTROS', 3),
(27, 'OTROS', 4),
(28, 'OTROS', 5),
(29, 'OTROS', 6),
(30, 'OTROS', 7),
(31, 'ACEITES NATURALES', 4),
(32, 'HARINAS SIN GLUTEN', 5),
(33, 'FRUTOS SECOS', 6),
(34, 'FRUTOS DESHIDRATADOS', 6);

-- --------------------------------------------------------

--
-- Estructura de tabla para la tabla `tipos_documento`
--

CREATE TABLE `tipos_documento` (
  `id` int(11) NOT NULL,
  `prefijo` varchar(6) NOT NULL,
  `nombre` varchar(60) NOT NULL
) ENGINE=InnoDB DEFAULT CHARSET=utf8mb4;

--
-- Volcado de datos para la tabla `tipos_documento`
--

INSERT INTO `tipos_documento` (`id`, `prefijo`, `nombre`) VALUES
(1, 'CC', 'CEDULA DE CIUDADANIA'),
(2, 'NIT', 'NUMERO DE IDENTIFICACION TRIBUTARIA'),
(3, 'PEP', 'PERMISO ESPECIAL DE PERMANENCIA'),
(4, 'TI', 'TARJETA DE IDENTIDAD');

-- --------------------------------------------------------

--
-- Estructura de tabla para la tabla `tipos_pago`
--

CREATE TABLE `tipos_pago` (
  `id` int(11) NOT NULL,
  `nombre` varchar(45) NOT NULL
) ENGINE=InnoDB DEFAULT CHARSET=utf8mb4;

--
-- Volcado de datos para la tabla `tipos_pago`
--

INSERT INTO `tipos_pago` (`id`, `nombre`) VALUES
(1, 'CONTRAENTREGA'),
(2, 'EFECTIVO'),
(4, 'PSE'),
(3, 'TARJETA CREDITO');

-- --------------------------------------------------------

--
-- Estructura de tabla para la tabla `usuarios`
--

CREATE TABLE `usuarios` (
  `usuario` varchar(12) NOT NULL,
  `password` varchar(20) NOT NULL,
  `nombre` varchar(150) NOT NULL,
  `id` int(11) NOT NULL
) ENGINE=InnoDB DEFAULT CHARSET=utf8mb4;

--
-- Volcado de datos para la tabla `usuarios`
--

INSERT INTO `usuarios` (`usuario`, `password`, `nombre`, `id`) VALUES
('admin', '1', 'Administrador del Sistema', 1);

--
-- Índices para tablas volcadas
--

--
-- Indices de la tabla `articulos`
--
ALTER TABLE `articulos`
  ADD PRIMARY KEY (`id`),
  ADD UNIQUE KEY `id_UNIQUE` (`id`),
  ADD UNIQUE KEY `codigo_UNIQUE` (`codigo`),
  ADD KEY `fgk_grupos_articulos_idx` (`idgrupo`),
  ADD KEY `fgk_subgrupos_articulos_idx` (`idsubgrupo`),
  ADD KEY `fgk_marcas_articulos_idx` (`idmarca`);

--
-- Indices de la tabla `bancospse`
--
ALTER TABLE `bancospse`
  ADD PRIMARY KEY (`id`);

--
-- Indices de la tabla `barrios`
--
ALTER TABLE `barrios`
  ADD PRIMARY KEY (`id`),
  ADD UNIQUE KEY `id_UNIQUE` (`id`);

--
-- Indices de la tabla `carusel`
--
ALTER TABLE `carusel`
  ADD PRIMARY KEY (`id`),
  ADD KEY `fgk_grupos_carusel_idx` (`idgrupo`);

--
-- Indices de la tabla `clientes`
--
ALTER TABLE `clientes`
  ADD PRIMARY KEY (`id`),
  ADD UNIQUE KEY `id_UNIQUE` (`id`),
  ADD UNIQUE KEY `email` (`email`),
  ADD UNIQUE KEY `idorden_UNIQUE` (`idorden`),
  ADD KEY `fgk_tipo_documento_idx` (`idtipo_documento`),
  ADD KEY `fgk_barrios_clientes_idx` (`idbarrio`),
  ADD KEY `fgk_ordenes_clientes_idx` (`idorden`);

--
-- Indices de la tabla `cupones`
--
ALTER TABLE `cupones`
  ADD PRIMARY KEY (`id`),
  ADD UNIQUE KEY `id_UNIQUE` (`id`),
  ADD UNIQUE KEY `codigo_UNIQUE` (`codigo`);

--
-- Indices de la tabla `estados_pago`
--
ALTER TABLE `estados_pago`
  ADD PRIMARY KEY (`id`),
  ADD UNIQUE KEY `id_UNIQUE` (`id`),
  ADD UNIQUE KEY `nombre_UNIQUE` (`nombre`);

--
-- Indices de la tabla `grupos`
--
ALTER TABLE `grupos`
  ADD PRIMARY KEY (`id`),
  ADD UNIQUE KEY `id_UNIQUE` (`id`),
  ADD UNIQUE KEY `nombre_UNIQUE` (`nombre`);

--
-- Indices de la tabla `marcas`
--
ALTER TABLE `marcas`
  ADD PRIMARY KEY (`id`),
  ADD UNIQUE KEY `id_UNIQUE` (`id`),
  ADD UNIQUE KEY `nombre_UNIQUE` (`nombre`);

--
-- Indices de la tabla `ordenes`
--
ALTER TABLE `ordenes`
  ADD PRIMARY KEY (`id`),
  ADD UNIQUE KEY `id_UNIQUE` (`id`),
  ADD KEY `fgk_clientes_ordenes_idx` (`idcliente`),
  ADD KEY `fgk_idtipos_documento_ordenes_idx` (`idtipo_documento`),
  ADD KEY `fgk_barrios_ordenes_idx` (`idbarrio`),
  ADD KEY `fgk_tipos_pago_ordenes_idx` (`idtipo_pago`),
  ADD KEY `fgk_estados_pago_idx` (`idestado_pago`);

--
-- Indices de la tabla `orden_detalles`
--
ALTER TABLE `orden_detalles`
  ADD PRIMARY KEY (`id`),
  ADD UNIQUE KEY `id_UNIQUE` (`id`),
  ADD KEY `fgk_ordenes_orden_detalles_idx` (`idorden`);

--
-- Indices de la tabla `recomendaciones`
--
ALTER TABLE `recomendaciones`
  ADD PRIMARY KEY (`id`);

--
-- Indices de la tabla `subgrupos`
--
ALTER TABLE `subgrupos`
  ADD PRIMARY KEY (`id`),
  ADD UNIQUE KEY `id_UNIQUE` (`id`),
  ADD KEY `fgk_grupos_subgrupos_idx` (`idgrupo`);

--
-- Indices de la tabla `tipos_documento`
--
ALTER TABLE `tipos_documento`
  ADD PRIMARY KEY (`id`),
  ADD UNIQUE KEY `id_UNIQUE` (`id`),
  ADD UNIQUE KEY `prefijo_UNIQUE` (`prefijo`),
  ADD UNIQUE KEY `nombre_UNIQUE` (`nombre`);

--
-- Indices de la tabla `tipos_pago`
--
ALTER TABLE `tipos_pago`
  ADD PRIMARY KEY (`id`),
  ADD UNIQUE KEY `id_UNIQUE` (`id`),
  ADD UNIQUE KEY `nombre_UNIQUE` (`nombre`);

--
-- Indices de la tabla `usuarios`
--
ALTER TABLE `usuarios`
  ADD PRIMARY KEY (`id`),
  ADD UNIQUE KEY `usuario` (`usuario`);

--
-- AUTO_INCREMENT de las tablas volcadas
--

--
-- AUTO_INCREMENT de la tabla `articulos`
--
ALTER TABLE `articulos`
  MODIFY `id` int(11) NOT NULL AUTO_INCREMENT, AUTO_INCREMENT=614;

--
-- AUTO_INCREMENT de la tabla `bancospse`
--
ALTER TABLE `bancospse`
  MODIFY `id` int(11) NOT NULL AUTO_INCREMENT, AUTO_INCREMENT=44;

--
-- AUTO_INCREMENT de la tabla `barrios`
--
ALTER TABLE `barrios`
  MODIFY `id` int(11) NOT NULL AUTO_INCREMENT;

--
-- AUTO_INCREMENT de la tabla `carusel`
--
ALTER TABLE `carusel`
  MODIFY `id` int(11) NOT NULL AUTO_INCREMENT, AUTO_INCREMENT=19;

--
-- AUTO_INCREMENT de la tabla `clientes`
--
ALTER TABLE `clientes`
  MODIFY `id` int(11) NOT NULL AUTO_INCREMENT;

--
-- AUTO_INCREMENT de la tabla `cupones`
--
ALTER TABLE `cupones`
  MODIFY `id` int(11) NOT NULL AUTO_INCREMENT;

--
-- AUTO_INCREMENT de la tabla `estados_pago`
--
ALTER TABLE `estados_pago`
  MODIFY `id` int(11) NOT NULL AUTO_INCREMENT, AUTO_INCREMENT=6;

--
-- AUTO_INCREMENT de la tabla `grupos`
--
ALTER TABLE `grupos`
  MODIFY `id` int(11) NOT NULL AUTO_INCREMENT, AUTO_INCREMENT=14;

--
-- AUTO_INCREMENT de la tabla `marcas`
--
ALTER TABLE `marcas`
  MODIFY `id` int(11) NOT NULL AUTO_INCREMENT;

--
-- AUTO_INCREMENT de la tabla `ordenes`
--
ALTER TABLE `ordenes`
  MODIFY `id` int(11) NOT NULL AUTO_INCREMENT, AUTO_INCREMENT=42;

--
-- AUTO_INCREMENT de la tabla `orden_detalles`
--
ALTER TABLE `orden_detalles`
  MODIFY `id` int(11) NOT NULL AUTO_INCREMENT, AUTO_INCREMENT=42;

--
-- AUTO_INCREMENT de la tabla `recomendaciones`
--
ALTER TABLE `recomendaciones`
  MODIFY `id` int(11) NOT NULL AUTO_INCREMENT, AUTO_INCREMENT=14;

--
-- AUTO_INCREMENT de la tabla `subgrupos`
--
ALTER TABLE `subgrupos`
  MODIFY `id` int(11) NOT NULL AUTO_INCREMENT, AUTO_INCREMENT=35;

--
-- AUTO_INCREMENT de la tabla `tipos_documento`
--
ALTER TABLE `tipos_documento`
  MODIFY `id` int(11) NOT NULL AUTO_INCREMENT, AUTO_INCREMENT=5;

--
-- AUTO_INCREMENT de la tabla `tipos_pago`
--
ALTER TABLE `tipos_pago`
  MODIFY `id` int(11) NOT NULL AUTO_INCREMENT, AUTO_INCREMENT=5;

--
-- AUTO_INCREMENT de la tabla `usuarios`
--
ALTER TABLE `usuarios`
  MODIFY `id` int(11) NOT NULL AUTO_INCREMENT, AUTO_INCREMENT=2;

--
-- Restricciones para tablas volcadas
--

--
-- Filtros para la tabla `articulos`
--
ALTER TABLE `articulos`
  ADD CONSTRAINT `fgk_grupos_articulos` FOREIGN KEY (`idgrupo`) REFERENCES `grupos` (`id`) ON UPDATE CASCADE,
  ADD CONSTRAINT `fgk_marcas_articulos` FOREIGN KEY (`idmarca`) REFERENCES `marcas` (`id`) ON UPDATE CASCADE,
  ADD CONSTRAINT `fgk_subgrupos_articulos` FOREIGN KEY (`idsubgrupo`) REFERENCES `subgrupos` (`id`) ON UPDATE CASCADE;

--
-- Filtros para la tabla `carusel`
--
ALTER TABLE `carusel`
  ADD CONSTRAINT `fgk_grupos_carusel` FOREIGN KEY (`idgrupo`) REFERENCES `grupos` (`id`) ON UPDATE CASCADE;

--
-- Filtros para la tabla `clientes`
--
ALTER TABLE `clientes`
  ADD CONSTRAINT `fgk_barrios_clientes` FOREIGN KEY (`idbarrio`) REFERENCES `barrios` (`id`) ON UPDATE CASCADE,
  ADD CONSTRAINT `fgk_tipos_documento_clientes` FOREIGN KEY (`idtipo_documento`) REFERENCES `tipos_documento` (`id`) ON UPDATE CASCADE;

--
-- Filtros para la tabla `ordenes`
--
ALTER TABLE `ordenes`
  ADD CONSTRAINT `fgk_barrios_ordenes` FOREIGN KEY (`idbarrio`) REFERENCES `barrios` (`id`) ON UPDATE CASCADE,
  ADD CONSTRAINT `fgk_clientes_ordenes` FOREIGN KEY (`idcliente`) REFERENCES `clientes` (`id`) ON DELETE CASCADE,
  ADD CONSTRAINT `fgk_estados_pago` FOREIGN KEY (`idestado_pago`) REFERENCES `estados_pago` (`id`) ON UPDATE CASCADE,
  ADD CONSTRAINT `fgk_tipos_documento_ordenes` FOREIGN KEY (`idtipo_documento`) REFERENCES `tipos_documento` (`id`) ON UPDATE CASCADE,
  ADD CONSTRAINT `fgk_tipos_pago_ordenes` FOREIGN KEY (`idtipo_pago`) REFERENCES `tipos_pago` (`id`) ON UPDATE CASCADE;

--
-- Filtros para la tabla `orden_detalles`
--
ALTER TABLE `orden_detalles`
  ADD CONSTRAINT `fgk_ordenes_orden_detalles` FOREIGN KEY (`idorden`) REFERENCES `ordenes` (`id`) ON UPDATE CASCADE;

--
-- Filtros para la tabla `subgrupos`
--
ALTER TABLE `subgrupos`
  ADD CONSTRAINT `fgk_grupos_subgrupos` FOREIGN KEY (`idgrupo`) REFERENCES `grupos` (`id`) ON UPDATE CASCADE;
COMMIT;

/*!40101 SET CHARACTER_SET_CLIENT=@OLD_CHARACTER_SET_CLIENT */;
/*!40101 SET CHARACTER_SET_RESULTS=@OLD_CHARACTER_SET_RESULTS */;
/*!40101 SET COLLATION_CONNECTION=@OLD_COLLATION_CONNECTION */;
